Week,Google_Search,Google_Display,Meta,Instagram,YouTube,TV,Radio,Influencer,Affiliate,Email,Discount,Price,Temperature,Competitor_Spend,Holiday,Sales,Revenue,Orders,Google_Search_zscore,Google_Display_zscore,Meta_zscore,Instagram_zscore,YouTube_zscore,TV_zscore,Radio_zscore,Influencer_zscore,Affiliate_zscore,Email_zscore,IsolationForest_Outlier,Google_Search_Adstock,Google_Display_Adstock,Meta_Adstock,Instagram_Adstock,YouTube_Adstock,TV_Adstock,Radio_Adstock,Influencer_Adstock,Affiliate_Adstock,Email_Adstock,Google_Search_Weibull,Google_Search_Hill,Google_Display_Hill,Meta_Hill,Instagram_Hill,YouTube_Hill,TV_Hill,Radio_Hill,Influencer_Hill,Affiliate_Hill,Email_Hill
2021-01-04,141958.0,27400.0,80692.0,188513.0,31246.0,80774.0,66542.0,120734.0,41636.0,75099.0,20.0,1031.555971921338,28.0,136836.0,0.0,3636150.0,3636150.0,3524.0,0.62957860915995,-1.5512307731082118,-0.5036329214059099,1.5276408296895878,-1.547106723258009,-0.5723172633757855,-0.9322777400139464,0.1402161569729968,-1.2764316551847985,-0.7688702072413388,1,141958.0,27400.0,80692.0,188513.0,31246.0,80774.0,66542.0,120734.0,41636.0,75099.0,10984.868486167356,0.20589138312851574,0.009967795688799018,0.0832163463762791,0.3048619338446994,0.01198198920880231,0.08079999859720434,0.0509195269434846,0.1529483290158654,0.0238245429168618,0.0672676797385674
2021-01-11,166867.0,137858.0,64425.0,73682.0,196630.0,43752.0,147015.0,177702.0,101889.0,55262.0,0.0,989.1235199570624,28.964293442042585,186570.0,0.0,3425190.0,3425190.0,3462.0,1.125928702900114,0.5655783688321279,-0.796901428226583,-0.7665426775650426,1.635846303391516,-1.286793258106809,0.6371175761176131,1.2185255589465034,-0.1348556429068783,-1.157093134342134,1,252041.8,154298.0,112840.2,186789.8,215377.6,92216.4,186940.2,250142.4,126870.6,100321.4,32397.763418367264,0.4497343539723227,0.2420097627192005,0.15074609483658274,0.3009837772983866,0.36556435767897794,0.10279376384028414,0.2974780501999678,0.4366472321603656,0.18474550573770532,0.1140225967923757
2021-01-18,151932.0,193714.0,58756.0,79494.0,169453.0,75029.0,62520.0,197235.0,73551.0,98213.0,15.0,1001.092910434567,29.914525314300462,100098.0,0.0,3652662.0,3652662.0,3648.0,0.8283258826339712,1.6359987225613246,-0.899104610446193,-0.6504259970156795,1.112802270079623,-0.683188220907246,-1.0107153272976457,1.588252731196688,-0.671758055001408,-0.3165142694983444,1,303157.08,286292.8,126460.12,191567.88,298679.56,130358.84,174684.12,347320.44,149673.36,158405.84,58591.08531333428,0.5417943026959855,0.5236239206005389,0.18229839760482536,0.31171772147903143,0.5256433674438227,0.18629671623845614,0.26993445743767197,0.599085110115174,0.23976910593207115,0.24292084375846848
2021-01-25,123694.0,35151.0,38888.0,101317.0,147796.0,168757.0,84772.0,118511.0,162628.0,137407.0,15.0,948.6729028828076,30.836839096340285,245458.0,0.0,3729639.0,3729639.0,3931.0,0.2656403494116519,-1.402691168378997,-1.257293501668492,-0.2144290390616618,0.6959952409948942,1.1256391259175975,-0.5767538175420822,0.0981384677336501,1.0159283082615047,0.4505376740812575,1,305588.248,206926.68,114764.072,216257.728,327003.73600000003,246972.304,189582.472,326903.264,252432.016,232450.504,82669.41394905373,0.5457574247929878,0.3647665570865793,0.1551260220478269,0.3659470863466407,0.5704933165253299,0.4510857847419119,0.30337755606791034,0.5696657339705417,0.4728835084134663,0.4086139415249871
2021-02-01,139879.0,86690.0,186807.0,85215.0,187527.0,150282.0,70106.0,31653.0,178670.0,169340.0,5.0,982.9429189954732,31.71778537635015,162169.0,0.0,3493631.0,3493631.0,3554.0,0.5881513401051585,-0.4150014911581245,1.4094541629535744,-0.5361273856215112,1.4606514755871902,0.7690958812885756,-0.8627721305959692,-1.5459388745745726,1.319866077152056,1.0754871488561577,1,323231.9488,210846.008,255665.4432,214969.6368,383729.2416,298465.3824,183855.4832,227794.9584,330129.2096,308810.30240000004,102789.6734938733,0.5734170335209987,0.37350534221662246,0.47677494083665295,0.363179219625729,0.6465241457450508,0.5454915638831535,0.29057074602203775,0.39127659513633256,0.6054226963877981,0.5494383097799354
2021-02-08,130268.0,24499.0,67295.0,98587.0,112263.0,71693.0,101121.0,179033.0,162635.0,106269.0,5.0,1003.5864900443304,32.544517973849246,190641.0,0.0,3269366.0,3269366.0,3257.0,0.3966373993232436,-1.606825327787537,-0.7451598277731908,-0.2689711137175051,0.0121330179507208,-0.7475686411552794,-0.2579134111519282,1.2437191731514383,1.0160609328957295,-0.1588531362259743,1,324207.16928000003,151006.60479999997,220694.26592,227568.78208,342500.54496,250772.22944,211434.28992,315709.97504,360712.52576,291555.18144,116913.54434689444,0.5748901765601772,0.23418721373127646,0.40440358514804225,0.38991242233567125,0.5930208149164331,0.458657879302778,0.35135573568253403,0.5525074119760133,0.6468693394806669,0.5208393494032167
2021-02-15,74886.0,26295.0,134352.0,26949.0,155090.0,136739.0,45559.0,101941.0,66819.0,80545.0,5.0,1054.2431258722684,33.30498126592636,176060.0,0.0,3515214.0,3515214.0,3334.0,-0.7069340363633662,-1.5724069133773102,0.4637727511826018,-1.7002110932762238,0.8363743549139048,0.5077337615586245,-1.3414910403555331,-0.2155040471993123,-0.7993050603730071,-0.6622884629760301,1,269410.301568,116898.96287999998,266768.559552,163490.26924799997,360590.326976,287202.337664,172419.573952,291366.985024,283246.515456,255478.108864,121152.86912316088,0.48289094233194835,0.15487790113916836,0.4980140945795992,0.24804272875307884,0.6176075842518411,0.5263597657611788,0.2648225374192592,0.512578862713685,0.5304071216848085,0.4549278314031014
2021-02-22,157337.0,140885.0,103042.0,75393.0,31302.0,75961.0,125595.0,53662.0,93770.0,59922.0,15.0,968.2175789036578,33.98808598536881,237954.0,0.0,3500264.0,3500264.0,3615.0,0.9360288115618924,0.6235875784199659,-0.1006974614291443,-0.7323589816909957,-1.546028956548458,-0.665201844507016,0.2193818427469421,-1.1293451442692275,-0.2886812722313008,-1.065893918720331,1,318983.1809408,211024.377728,263103.1357312,173487.16154879998,247656.1961856,248282.4025984,229046.7443712,228482.1910144,263717.9092736,213208.8653184,124215.99000081688,0.5669315537957575,0.3739011726052381,0.4910973461340202,0.2708373777223988,0.4324171254076926,0.45370710918392393,0.38863310202120116,0.3927124894833172,0.49472609058482764,0.3676042770013921
2021-03-01,188266.0,146071.0,105999.0,158013.0,87506.0,146678.0,53742.0,118818.0,178038.0,62913.0,0.0,977.9723371387876,34.58387092714925,180544.0,0.0,3547308.0,3547308.0,3627.0,1.5523366540802406,0.7229717082258885,-0.0473873873731579,0.9182879809704596,-0.4643360968412922,0.6995434128911199,-1.1819050690122932,0.1039494666524443,1.3078919673191909,-1.0073581131570664,1,379655.90856448,272685.6266368,263860.88143872,262105.29692928,236099.71771136,295647.44155904,191170.04662272,255907.31460864,336268.74556415994,190838.31919104,130207.52224935184,0.6496717614335914,0.49929378243225275,0.49253490672631556,0.458820292945277,0.40912819417296664,0.5407837624202674,0.3069138733505606,0.44788732421283844,0.6141913311121086,0.3177351573230322
2021-03-08,107498.0,79040.0,37955.0,45934.0,61157.0,94532.0,89669.0,172360.0,178059.0,117033.0,0.0,1037.7715856872912,35.08364820522568,50340.0,0.0,3306354.0,3306354.0,3186.0,-0.0570898331816154,-0.5616055391749598,-1.2741140289238977,-1.3209139184259728,-0.9714445795191108,-0.3068059259140216,-0.4812518620651366,1.1174103920924368,1.3082898412218649,0.051805309472113,1,335291.545138688,242651.37598208,196271.528863232,203197.178157568,202816.830626816,271920.464935424,204371.027973632,325904.388765184,379820.2473384959,231535.991514624,132938.10361869345,0.5912334919329164,0.44121992051033915,0.3493929822043475,0.3375499259792144,0.33816719716417326,0.49904554800801393,0.3360293251230234,0.5681646802812904,0.670078424794148,0.4067101732868911
2021-03-15,132727.0,32183.0,57841.0,174458.0,74917.0,101994.0,172826.0,115081.0,98714.0,124792.0,5.0,965.6263886520276,35.48012994148332,225021.0,0.0,3153787.0,3153787.0,3266.0,0.4456367521879537,-1.4595697062239603,-0.9156006259217518,1.2468390497306585,-0.7066219023151643,-0.1627991225894337,1.1404871846157638,0.0332142778591745,-0.1950103877159732,0.2036539605471278,1,333901.9270832128,177773.825589248,175603.91731793917,296376.3068945408,196607.0983760896,265146.2789612544,295448.6167841792,310623.6332591104,326606.1484030975,263713.5949087744,134535.55050482237,0.5892245590006046,0.297665411930065,0.30064157305078787,0.5201576893530296,0.3243911125220142,0.48643490378459253,0.5140153546294209,0.5444629602167679,0.6002851990510859,0.47070220724215267
2021-03-22,146324.0,180371.0,90640.0,95745.0,116646.0,76133.0,155044.0,56877.0,44596.0,197404.0,20.0,1045.695405758965,35.767534539408416,132302.0,0.0,3750038.0,3750038.0,3586.0,0.7165778668286463,1.3802944333209803,-0.3242860777437683,-0.3257508119489727,0.0964875088071813,-0.6618824703215659,0.7937002186588418,-1.0684905464714318,-1.2203503812840355,1.6247177898884062,1,346665.15624992765,287035.29535354883,196002.3503907635,273570.7841367244,234610.25902565377,235220.76737675263,332313.1700705075,243251.1799554662,240559.6890418585,355632.1569452646,136191.0877466476,0.6072541589654478,0.5249159311448433,0.3487692988578607,0.48014428980475043,0.406071977402171,0.42707674967956694,0.5723001315215454,0.42295560947883076,0.4489485367681207,0.6179228347411451
2021-03-29,195203.0,163946.0,185983.0,114456.0,103122.0,81268.0,90831.0,131562.0,184246.0,139863.0,0.0,999.6365370109496,35.94167099278443,243515.0,0.0,3653048.0,3653048.0,3654.0,1.6905670366839387,1.0655269184613043,1.3945987348094644,0.0480721766537685,-0.1637931515493717,-0.5627837119361786,-0.4585903811045054,0.3451721709557439,1.4255110715002492,0.498603183430431,1,403202.0937499566,336167.1772121293,303584.4102344581,278598.4704820346,243888.15541539225,222400.4604260516,290218.9020423045,277512.70797327976,328581.8134251151,353242.2941671588,141704.1184268526,0.6765456327783606,0.6024665685327734,0.5623273253367451,0.48924109063009863,0.42490746107442057,0.39990096337286735,0.5050891197342513,0.48822526342457595,0.6031757877874196,0.614733976625381
2021-04-05,36023.0,136336.0,158429.0,73413.0,44519.0,189315.0,132217.0,166385.0,84106.0,176104.0,15.0,1012.1249184636736,36.0,50138.0,0.0,3819589.0,3819589.0,3773.0,-1.4813390182182775,0.5364108706515235,0.8978433135924714,-0.771916969902926,-1.2916567672603358,1.522381535827391,0.3485249812334306,1.0043135890312147,-0.4717790529667633,1.2078630060376758,1,277944.2562499739,338036.3063272776,340579.6461406748,240572.0822892208,190851.89324923532,322755.27625563095,306348.3412253827,332892.62478396785,281255.08805506903,388049.3765002952,137854.39404174566,0.49847680196201083,0.6051194532123232,0.617887520989486,0.41664876300966386,0.31150693557392495,0.5839358587411337,0.5320888066872713,0.5785439149074993,0.5268909415432248,0.6581840832774425
2021-04-12,61090.0,52711.0,183551.0,117239.0,100910.0,51653.0,61873.0,92715.0,79182.0,188918.0,10.0,1014.7008921003747,35.94167099278443,181430.0,0.0,3661796.0,3661796.0,3608.0,-0.981840531736095,-1.0661725954148629,1.350753587665684,0.1036731267516484,-0.206364936576634,-1.1343143311344732,-1.023333208693109,-0.3901368681269835,-0.5650710099557344,1.458641278350505,1,227856.55374998436,255532.7837963665,387898.7876844049,261582.24937353245,215421.1359495412,245306.16575337856,245682.0047352296,292450.5748703807,247935.0528330414,421747.6259001772,127874.72852155878,0.4004713817546841,0.46685801390611653,0.6771669013488143,0.45782845397792366,0.3656581157381121,0.44773588868156666,0.4224222420626142,0.5144335502985475,0.4639320627625237,0.6946100915935914
2021-04-19,87221.0,25539.0,81476.0,62318.0,140430.0,177729.0,126532.0,161398.0,107163.0,64936.0,10.0,975.3511778637356,35.767534539408416,169619.0,0.0,3682724.0,3682724.0,3775.0,-0.4611402105861401,-1.5868948428283858,-0.489498630550349,-0.9935815553632122,0.5542304270207468,1.2987869468004982,0.2376553433150242,0.90991798118748,-0.0349324542066683,-0.9677666940148116,1,223934.93224999055,178858.6702778199,314215.27261064295,219267.34962411947,269682.6815697247,324912.6994520271,273941.20284113777,336868.3449222284,255924.03169982485,317984.5755401063,116311.89022013702,0.39216449637447914,0.30021544357973257,0.5791902248823948,0.3723842407624864,0.4746250657084215,0.587169397678911,0.4762462014361957,0.5843224820044377,0.4797373198687787,0.5638870976939796
2021-04-26,84820.0,199426.0,64811.0,90390.0,91324.0,191024.0,146267.0,130091.0,59310.0,180866.0,10.0,1015.5954727788958,35.48012994148332,135376.0,0.0,3654464.0,3654464.0,3598.0,-0.5089838243430205,1.745463078413895,-0.7899424533920849,-0.4327371891585115,-0.3908555022508367,1.5553629921235212,0.6225299790792722,0.3173285898171568,-0.9415734001435564,1.3010584276666513,1,219180.95934999437,306741.20216669195,253340.16356638577,221950.4097744717,253133.6089418348,385971.6196712162,310631.7217046827,332212.006953337,212864.4190198949,371656.74532406376,105361.77563428924,0.38198329986311647,0.5578756155112307,0.47221854719396067,0.37808662724359715,0.44318539828724896,0.6674536369881222,0.5389962181740894,0.5775455226715789,0.3894688168563602,0.6385066714012888
2021-05-03,20769.0,146063.0,187280.0,63088.0,25408.0,173252.0,160975.0,152632.0,76088.0,48141.0,20.0,969.105208627428,35.08364820522568,149931.0,0.0,3927109.0,3927109.0,4052.0,-1.7852984035774837,0.7228183968031258,1.4179816113906665,-0.9781978932807948,-1.6594639027286948,1.2123867245431703,0.9093673818064352,0.7439921944703799,-0.6236910982830856,-1.296455712548756,1,152277.5756099966,330107.7213000152,339284.09813983145,196258.245864683,177288.16536510087,404834.97180272976,347354.0330228096,351959.2041720021,203806.6514119369,271135.0471944383,91653.84170511208,0.22978529469324321,0.5937221164801144,0.6160862414702784,0.32219063350091126,0.2807940816974774,0.6882867772140298,0.5938189049571347,0.6054412392474052,0.368999138519012,0.48455021681841554
2021-05-10,79735.0,153629.0,171222.0,123196.0,79379.0,141829.0,154092.0,99148.0,148803.0,160146.0,5.0,979.9158798360448,34.58387092714925,211726.0,0.0,3480551.0,3480551.0,3551.0,-0.6103102616415365,0.8678126748809528,1.128481046902662,0.222686730680168,-0.620746990564873,0.6059640790233998,0.7751341860645897,-0.268370887525671,0.7539946556675717,0.8955546191508236,1,171101.54536599794,351693.63278000907,374792.45888389886,240950.9475188098,185751.8992190605,384729.9830816379,362504.41981368576,310323.52250320127,271086.99084716215,322827.028316663,81428.82296908704,0.2736028029117993,0.6238816509618531,0.661959411033359,0.41741390417889135,0.3000089537647131,0.6660217481266808,0.6142374535047646,0.5439834297816682,0.5085049557870321,0.5713057240062511
2021-05-17,84925.0,58360.0,91180.0,190883.0,45053.0,148377.0,61755.0,103186.0,159978.0,157478.0,15.0,1022.3476386413312,33.98808598536881,206951.0,0.0,3530523.0,3530523.0,3453.0,-0.506891538027122,-0.9579155670165488,-0.3145507243483565,1.574990542852353,-1.2813794918514037,0.7323318823160025,-1.025634460632313,-0.1919382698250492,0.965720411019268,0.843340132610272,1,187585.9272195988,269376.17966800544,316055.4753303393,335453.5685112859,156504.13953143632,379214.9898489827,279257.6518882115,289380.1135019207,322630.19450829725,351174.2169899978,75615.05359881493,0.3116407197838849,0.49318883295427984,0.5820340336071939,0.5813655625974014,0.2332742957928147,0.6595679731971823,0.4858427637732597,0.5091592457595635,0.5943932599601736,0.6119489654731409
2021-05-24,25311.0,153272.0,194358.0,75479.0,160518.0,21622.0,105956.0,177817.0,56914.0,117359.0,20.0,1011.735758225676,33.30498126592636,131532.0,0.0,3737444.0,3737444.0,3694.0,-1.694792075512615,0.8609711526401671,1.5455868545994158,-0.7306408064454271,0.94084074240395,-1.7138732041766471,-0.1636205880498182,1.2207023174991465,-0.9869689178010652,0.0581853404362133,1,137862.55633175926,314897.70780080324,383991.2851982035,276751.14110677154,254420.48371886177,249150.9939093896,273510.5911329269,351445.0681011524,250492.11670497837,328063.53019399865,69056.66322910614,0.19648345868216524,0.5707793692900573,0.6727244035683758,0.48591671752629484,0.4456895320526462,0.45543884160204556,0.475461461188215,0.6047426041069736,0.46903927851008986,0.5791686843253036
2021-05-31,123355.0,198047.0,132856.0,39963.0,151994.0,68756.0,106988.0,182962.0,130350.0,143279.0,15.0,997.001401966438,32.544517973849246,105778.0,0.0,3798196.0,3798196.0,3809.0,0.2588852535917509,1.719036021915174,0.4368022165908685,-1.4402072253014455,0.7767892525430168,-0.8042488852405535,-0.1434943846493265,1.3180886023108598,0.4043771734747438,0.565456514023581,1,206072.5337990556,386985.624680482,363250.7711189221,206013.6846640629,304646.29023131705,218246.59634563376,271094.3546797561,393829.04086069146,280645.27002298704,340117.1181163992,69211.85878133462,0.35331997284031524,0.6675913301203026,0.6478222328880381,0.3437335177243314,0.5354961264344946,0.3908868668273506,0.4710374834217702,0.657684545388,0.5258086777498356,0.5966502833093704
2021-06-07,105305.0,41357.0,88450.0,75123.0,118723.0,60809.0,65648.0,171094.0,65379.0,174363.0,15.0,949.6507340294796,31.71778537635015,87772.0,0.0,3513041.0,3513041.0,3699.0,-0.1007887273793824,-1.28375983217083,-0.3637683442918272,-0.7377532528108044,0.1364611062310619,-0.957615551820626,-0.9497126487736748,1.093447119678126,-0.8265878422706753,1.1737905093858392,1,228948.52027943332,273548.3748082892,306400.46267135325,198731.21079843777,301510.7741387902,191756.95780738024,228304.61280785364,407391.4245164149,233766.16201379223,378433.2708698394,73368.00935415828,0.40276928014888747,0.5008732303339613,0.5668668614060667,0.32768394252169875,0.5303457735587676,0.331284852923194,0.38709204867338265,0.6727628602753545,0.43481958110877333,0.6468054813778592
2021-06-14,179765.0,139121.0,172424.0,145911.0,71356.0,36725.0,145991.0,143629.0,188722.0,61568.0,5.0,959.6336684260148,30.836839096340288,108478.0,0.0,3485440.0,3485440.0,3632.0,1.3829411686378248,0.5897824097007898,1.1501512224235602,0.6765047621114795,-0.775156317542145,-1.422405132532148,0.6171473897977454,0.5735803923013116,1.5103150518988346,-1.033680633545763,1,317134.11216766003,303250.02488497354,356264.2776028119,265149.72647906264,252262.4644832741,151779.17468442814,282973.7676847122,388063.8547098489,328981.6972082753,288627.9625219037,85530.1935883591,0.5640746378457913,0.5522216687639196,0.63891061361355,0.4645605068716666,0.441484638473353,0.23685792873276842,0.49244923295650783,0.6510138524227658,0.6037578762563924,0.5158007869106276
2021-06-21,150608.0,97505.0,131888.0,122468.0,30789.0,71226.0,160588.0,90316.0,197953.0,117539.0,10.0,1011.0683617561994,29.914525314300462,245425.0,0.0,3508630.0,3508630.0,3470.0,0.8019431485173075,-0.2077436115107945,0.4193506942079821,0.2081421774386098,-1.5559020694413086,-0.7565811280425191,0.9018200555312508,-0.4355459443686357,1.6852090516886788,0.061708056919459,1,340888.467300596,279455.0149309841,345646.5665616872,281557.8358874376,182146.47868996445,162293.5048106569,330372.2606108273,323154.3128259093,395342.0183249652,290715.7775131422,100435.906351771,0.5992105310399393,0.5115526007238226,0.624836233101026,0.4945228043739347,0.29184158982774816,0.261917867959885,0.5694301103925156,0.5640016717411843,0.6875405450949207,0.5194000800415778
2021-06-28,176730.0,22869.0,130448.0,93477.0,117720.0,101182.0,135005.0,48380.0,66413.0,66851.0,5.0,1029.2856225394046,28.964293442042585,76762.0,0.0,3582129.0,3582129.0,3480.0,1.3224641308401854,-1.638062530175438,0.3933897518202174,-0.3710626893553656,0.1171575346296405,-0.1784696565346984,0.402896933830883,-1.2293246110088718,-0.806997289158044,-0.9302889047625044,1,381263.0803803576,190542.00895859048,337835.93993701227,262411.7015324625,227007.88721397868,198558.10288639413,333228.3563664964,242272.5876955456,303618.2109949791,241280.4665078853,117225.62208777588,0.6515922081100686,0.3274549401549483,0.6140608217121422,0.4594005513952245,0.3902861607743283,0.34690457517664786,0.5736459416951842,0.42098915522804015,0.5648048253142712,0.4267477328788313
2021-07-05,104478.0,70108.0,34397.0,34388.0,86656.0,49402.0,22396.0,130198.0,157084.0,74823.0,20.0,955.6141798191696,28.0,194355.0,0.0,3424114.0,3424114.0,3583.0,-0.1172679729341263,-0.7327777426895185,-1.3382591907403332,-1.551588934534532,-0.4806950558255476,-1.177755675852196,-1.793218995167151,0.3193539216878766,0.910889597955482,-0.7742717058489821,1,333235.84822821454,184433.20537515427,237098.56396220732,191835.02091947748,222860.7323283872,168536.86173183646,222333.01381989784,275561.55261732737,339254.9265969874,219591.2799047312,127789.07582722734,0.5882575962066786,0.3132670880649716,0.43936126766430167,0.3123159964577712,0.3815475268866604,0.276772480259749,0.3745933305770297,0.4847000133796377,0.6183727793439275,0.3814220135402318
2021-07-12,142537.0,132296.0,192627.0,25569.0,64028.0,24263.0,104082.0,22356.0,27151.0,43312.0,20.0,966.4069901019132,27.03570655795741,244994.0,0.0,3502447.0,3502447.0,3624.0,0.6411160737019049,0.4589886021563582,1.5143796384374568,-1.7277818123330235,-0.9161897898205256,-1.6629053714802873,-0.2001675891859824,-1.7219156073043105,-1.550869916148496,-1.390962367535384,-1,342478.5089369287,242955.92322509256,334886.13837732445,140670.0125516865,197744.4393970323,125385.11703910188,237481.8082919387,187692.9315703964,230703.95595819244,175066.7679428387,134630.6926989889,0.6014436253458394,0.44183849122848107,0.6098958821096813,0.19627320665213016,0.326924540475095,0.17478934768797522,0.40595042818252913,0.30380863913860895,0.428350120002463,0.2815637678528697
2021-07-19,169503.0,114179.0,198031.0,89836.0,84484.0,197900.0,170201.0,90326.0,77716.0,194180.0,20.0,1005.3674069671088,26.08547468569954,220492.0,0.0,4030475.0,4030475.0,4008.0,1.1784550526973387,0.1117957213823705,1.6118052861204295,-0.4438054343450819,-0.522497007488845,1.688060764793029,1.089294080036025,-0.4353566610162319,-0.5928463976376662,1.5616220235440514,1,374990.1053621572,259952.55393505556,398962.6830263947,174238.00753101188,203130.66363821935,273131.07022346114,312690.0849751632,202941.75894223785,216138.37357491543,299220.0607657032,140462.87268216597,0.6440223117960402,0.475403426095992,0.6893386356182295,0.2725464725487386,0.3388596427508503,0.5012666318725013,0.5422766537951754,0.3378247370672183,0.396751568685713,0.5337749173951792
2021-07-26,150523.0,110272.0,151800.0,124573.0,52154.0,67924.0,148322.0,112447.0,113747.0,185243.0,5.0,1004.5115145051636,25.163160903659715,105568.0,0.0,3209009.0,3209009.0,3194.0,0.8002493929282468,0.0369222552906351,0.7783328364476848,0.2501975133911922,-1.144714823913524,-0.8203053929283124,0.6626068666645537,-0.016642957163965,0.0898104874698925,1.386719150150907,1,375517.0632172943,266243.5323610333,391177.6098158368,229115.80451860712,174032.39818293162,231802.64213407668,335936.0509850979,234212.0553653427,243430.02414494928,364775.0364594219,144427.4577454665,0.644665930821751,0.48734240904421194,0.6808360943300557,0.393140491485486,0.2733690335833773,0.4199291158990825,0.5775997598811092,0.40458729594996573,0.4548241900963708,0.6298349435862979
2021-08-02,22747.0,58467.0,139180.0,187658.0,22336.0,94182.0,152663.0,134994.0,187450.0,192851.0,15.0,935.0417116495584,24.282214623649857,135090.0,0.0,3374364.0,3374364.0,3608.0,-1.7458837146932231,-0.9558650267370976,0.5508140219104687,1.510558971143527,-1.7185871050812038,-0.3135604664076702,0.7472656350381337,0.4101342175007002,1.4862152612225612,1.5356126335094211,1,248057.23793037655,218213.11941662,373886.56588950206,325127.4827111643,126755.43890975896,233263.585280446,354224.63059105875,275521.23321920563,333508.0144869696,411716.0218756532,137201.85098632655,0.44186044599547464,0.3897127926428249,0.6608755306225189,0.5660736307484878,0.16637214961978924,0.42299297256747737,0.6032316698707814,0.48462691825641785,0.6102771517650648,0.6843023336717932
2021-08-09,143855.0,43328.0,86234.0,163087.0,123677.0,162736.0,31303.0,40049.0,193724.0,118723.0,15.0,1006.4625205375996,23.455482026150754,70219.0,0.0,3596679.0,3596679.0,3573.0,0.6673792486005173,-1.2459877303876687,-0.403719350077443,1.0196603204590122,0.2318049683581222,1.0094417307397172,-1.619513478027442,-1.38701657189641,1.605084826240596,0.0848797031203634,1,292689.342758226,174255.871649972,310565.9395337012,358163.48962669855,199730.26334585535,302694.1511682676,243837.7783546353,205361.73993152336,393828.8086921817,365752.6131253919,130779.78674440151,0.52430323376686,0.2893764183512598,0.5734854040989512,0.6128703327389142,0.33133715904651206,0.5524584252421023,0.41874986192587654,0.3431484045556942,0.6858904704308999,0.6310820222157805
2021-08-16,85725.0,111412.0,59954.0,65002.0,87779.0,55737.0,181633.0,125361.0,164539.0,32411.0,0.0,976.0652875907912,22.69501873407364,107169.0,0.0,2834977.875,2834977.875,2902.0,-0.4909503089536091,0.0587691330343203,-0.8775065486541498,-0.9399585046759288,-0.4590819841322313,-1.0554984929171565,1.3122424882476733,0.2277975641301976,1.0521348334048686,-1.604301991890164,1,261338.6056549356,215965.5229899832,246293.56372022076,279900.0937760191,207617.1580075132,237353.4907009605,327935.66701278114,248578.043958914,400836.285215309,251862.56787523517,122436.0237228213,0.46771992251553335,0.3847993428038433,0.4581833455955842,0.4915708084463999,0.34871611720595425,0.43149947586881743,0.5657964964334241,0.43356333262926716,0.6934396808945064,0.4478687132348247
2021-08-23,149981.0,155059.0,198352.0,157326.0,39029.0,121332.0,91719.0,36082.0,182082.0,77009.0,20.0,1065.6418651891584,22.011914014631195,124965.0,0.0,3757823.0,3757823.0,3526.0,0.7894492102309418,0.895217091699786,1.6175924128610355,0.9045625577878352,-1.3973163964645268,0.2103988890282134,-0.4412724851552451,-1.4621052777949657,1.3845111131484755,-0.731490271224677,1,306784.1633929614,284638.31379398995,346128.1382321324,325266.05626561143,163599.29480450792,263744.09442057635,288480.40020766866,185228.8263753484,422583.7711291854,228126.5407251411,118711.56246061584,0.5476932915283048,0.5207317483915017,0.6254887506358034,0.5662829593744059,0.24950785018477672,0.48378607302700505,0.5020851203396336,0.2982474811731737,0.7154329479014802,0.39957124482783474
2021-08-30,104654.0,78871.0,99459.0,168216.0,79201.0,109563.0,119616.0,20661.0,141999.0,166494.0,15.0,1009.9679417094262,21.41612907285075,227912.0,0.0,3507379.0,3507379.0,3472.0,-0.1137609025379535,-0.5648442429808219,-0.1652933340509229,1.1221314929534518,-0.6241727490345171,-0.0167273597425016,0.102778577115605,-1.7539991355367406,0.6250835112010893,1.0197890871266186,1,288724.4980357768,249653.988276394,307135.8829392794,363375.6337593668,177360.57688270474,267809.45665234583,292704.2401246012,131798.29582520906,395549.2626775112,303369.9244350846,116102.82397975704,0.517495832743221,0.4552916752728516,0.5680437027988003,0.6197032303203875,0.2809590453102052,0.4914294512841253,0.5093518082427915,0.1770744127051971,0.6877656746441483,0.5406235087587897
2021-09-06,186845.0,173471.0,167851.0,175286.0,52265.0,180445.0,144165.0,188484.0,134793.0,193540.0,0.0,1016.858937995036,20.91635179477432,225767.0,0.0,3408291.0,3408291.0,3351.0,1.5240210459384134,1.2480633311881484,1.0677072019101932,1.2633814811647384,-1.1425785363285217,1.3512021810312114,0.581536491145325,1.4226108695081934,0.4885559234548411,1.5490968093814004,1,360079.69882146607,323263.39296583633,352132.5297635676,393311.3802556201,158681.34612962283,341130.6739914075,319787.5440747607,267562.97749512544,372122.55760650674,375561.9546610508,120549.4918537868,0.6252088511024695,0.5835760350875921,0.6335109468637814,0.6562478884438241,0.2382527210594935,0.6105665203062067,0.5533956030574102,0.47000327310677087,0.6609633277416379,0.6433178866020898
2021-09-13,139346.0,148391.0,175538.0,157162.0,122916.0,187469.0,106231.0,22920.0,128177.0,52371.0,15.0,1017.8943720876244,20.51987005851668,134754.0,0.0,3762009.0,3762009.0,3695.0,0.5775304962349306,0.7674320208270725,1.2062917603371013,0.9012860375520996,0.2171588886086889,1.4867561593951764,-0.1582575009033694,-1.7112400262287404,0.3632066977361097,-1.2136718751924842,1,355393.81929287966,342349.0357795018,386817.5178581405,393148.828153372,218124.8076777737,392147.4043948445,298103.5264448564,183457.78649707529,351450.53456390405,277708.1727966305,126491.10137462376,0.6190502767431336,0.6111615925838911,0.6759452308803782,0.6560613599394685,0.37146333062721526,0.6744625314965257,0.5184835476533842,0.29424156904834825,0.6348965922595231,0.49652225217117996
2021-09-20,87435.0,197286.0,188011.0,162709.0,194944.0,148575.0,27314.0,99561.0,32289.0,77022.0,20.0,951.4429047738976,20.232465460591584,127988.0,0.0,3643683.0,3643683.0,3829.0,-0.4568759318089754,1.704452272824872,1.4311603953388998,1.01210834089128,1.603397827100393,0.7361530223666952,-1.6973074948535676,-0.2605534850713974,-1.45352343462751,-0.7312358528119982,1,300671.2915757277,402695.4214677011,420101.51071488427,398598.2968920232,325818.8846066642,383863.4426369067,206176.11586691384,209635.6718982452,243159.3207383424,243646.9036779783,128162.14767111708,0.5377036068991393,0.6850109533066452,0.7110083042980928,0.6622468002665929,0.5687135212363629,0.6650178642151126,0.33996452852804526,0.3524929972429181,0.45427245900522706,0.43152969742508
2021-09-27,76886.0,106416.0,186342.0,173487.0,66197.0,121371.0,39623.0,28946.0,196048.0,91229.0,10.0,1077.755075724344,20.05832900721557,239414.0,0.0,3493817.0,3493817.0,3241.0,-0.667080963679584,-0.036973850480988,1.401070941974192,1.2274396524812723,-0.8744455756595256,0.2111515378260771,-1.4572557141785163,-1.5971778780702597,1.649116204803222,-0.453195669048274,1,257288.77494543663,348033.25288062065,438402.9064289306,412645.9781352139,261688.3307639985,351689.065582144,163328.6695201483,154727.4031389471,341943.5924430054,237417.14220678696,124553.75399415712,0.45995202690167214,0.6189589932353288,0.7282120543063294,0.6775629707350076,0.45964531675512993,0.624960678276683,0.24427467618610232,0.22872733395664369,0.6220915141364262,0.41886960713877436
2021-10-04,86803.0,90271.0,79163.0,44071.0,145733.0,58709.0,125228.0,196572.0,194668.0,119071.0,20.0,935.083550101953,20.0,200023.0,0.0,3672539.0,3672539.0,3927.0,-0.4694695027770506,-0.3463754655439693,-0.5311983942606961,-1.3581343891526527,0.6562910852484014,-0.9981427947825176,0.2122245591733176,1.5757032449323214,1.6229702054846231,0.0916902883213049,1,241176.264967262,299090.9517283724,342204.74385735835,291658.5868811283,302745.9984583991,269722.4393492864,223225.20171208895,289408.44188336824,399834.1554658032,261521.28532407217,117767.6336234816,0.4280337712150553,0.5453826031109218,0.6201327824596309,0.5121432032661883,0.5323819344051615,0.49498762107681904,0.3764716485625447,0.5092081735143748,0.69237437361687,0.4665446839973942
2021-10-11,51551.0,64064.0,71934.0,78243.0,174782.0,170322.0,184202.0,36309.0,174243.0,116774.0,5.0,1031.8281256679898,20.05832900721557,182379.0,0.0,3596946.0,3596946.0,3485.0,-1.1719197619013937,-0.848604522586741,-0.661525930733718,-0.6754194532041263,1.2153633199938547,1.1558415712677694,1.3623434732630446,-1.457808545695401,1.235990469193044,0.0467365118656651,1,196256.7589803572,243518.57103702344,277256.846314415,253238.15212867697,356429.59907503944,332155.4636095718,318137.1210272534,209954.06513002093,414143.4932794819,273686.77119444334,107002.449275408,0.33134981505646466,0.4429797293588049,0.5172886168041488,0.44178405002261045,0.6121110052582892,0.5978150104823861,0.5508365357207454,0.3531860848967045,0.7071471678515064,0.48923059066337476
2021-10-18,136216.0,127450.0,183379.0,145827.0,180558.0,41172.0,117624.0,75230.0,106365.0,46715.0,15.0,1024.746557499226,20.232465460591584,130388.0,0.0,3922248.0,3922248.0,3827.0,0.5151604374848117,0.3661202078178505,1.3476526973249232,0.6748265444297612,1.326527257750395,-1.3365838708885611,0.0639303240402372,-0.7210988098048862,-0.0500516625082928,-1.3243634553549128,1,253970.0553882143,273561.14262221404,349733.107788649,297769.8912772062,394415.75944502366,240465.27816574308,308506.2726163521,201202.4390780125,354851.0959676891,210927.062716666,101153.14386228209,0.453509370726591,0.5008965671130282,0.6303302937640242,0.5224989458028267,0.6589755192787461,0.43790087734395716,0.5355823955919006,0.3339845825901607,0.6393490771823575,0.36261595639389754
2021-10-25,31394.0,191890.0,74098.0,128215.0,91907.0,31555.0,177364.0,131822.0,134014.0,47605.0,15.0,980.9199048034816,20.51987005851668,140768.0,0.0,3531117.0,3531117.0,3599.0,-1.5735789549448915,1.601043718171428,-0.622512403423216,0.3229602371628337,-0.3796351809710474,-1.5221793449669,1.228987873599709,0.3500935381182405,0.4737966963032552,-1.3069455794099762,1,183776.03323292857,356026.6855733284,283937.8646731893,306876.9347663237,328556.4556670142,175834.16689944585,362467.7635698112,252543.46344680752,346924.6575806135,174161.23762999958,92685.11417291578,0.3029058703619472,0.6296107615550239,0.5291679113783069,0.5375064583238086,0.5728132128184237,0.2940583416869905,0.6141895295117135,0.4413526064162751,0.6288668905356931,0.279470459589167
2021-11-01,89092.0,196597.0,25486.0,192312.0,148876.0,73276.0,131785.0,181099.0,195211.0,119853.0,5.0,1026.6580126685355,20.91635179477432,85428.0,0.0,3526322.0,3526322.0,3434.0,-0.4238576610904619,1.691248326539434,-1.4989105501968412,1.6035402222234885,0.7167807418219482,-0.7170188194368631,0.3401000588797364,1.2828251137580469,1.6332580878252023,0.1069945343762942,1,199357.6199397572,410213.011343997,195848.7188039136,376438.16085979424,346009.87340020854,178776.5001396675,349265.6581418867,332625.0780680845,403365.7945483681,224349.7425779997,86845.34489589003,0.33833264645122485,0.6929376272016737,0.3484131844620799,0.6362031096282442,0.597931945751233,0.3009950095042695,0.5964636902517815,0.578151772827543,0.6961077418469238,0.3915883629382119
2021-11-08,23890.0,39830.0,159407.0,121570.0,84435.0,77492.0,106206.0,132340.0,199785.0,51174.0,5.0,987.2970720470504,21.416129072850747,142021.0,0.0,3477427.0,3477427.0,3522.0,-1.723107683654442,-1.313023149990661,0.9154751202974948,0.1902012312697646,-0.523440053359702,-0.6356555545190846,-0.1587450542803193,0.3598984157727531,1.7199188131029346,-1.2370979398060675,1,143504.5719638543,285957.8068063982,276916.23128234816,347432.8965158765,292040.9240401251,184757.9000838005,315765.394885132,331915.0468408508,441804.4767290208,185783.84554679983,78627.48511203151,0.20945723340209738,0.5230397993418222,0.5166746892350629,0.5983410735357059,0.5144232090273697,0.3150219654713532,0.5471309772017647,0.5771090739463964,0.7331920212582906,0.3062127767462541
2021-11-15,61606.0,168501.0,106900.0,184506.0,60631.0,109599.0,89274.0,79321.0,180806.0,161028.0,10.0,972.9815422057688,22.01191401463119,168418.0,0.0,3625336.0,3625336.0,3726.0,-0.9715584389836792,1.1528186097968187,-0.0311437699485912,1.447585850515242,-0.98156788825525,-0.0160326070060121,-0.4889552054209449,-0.6436629903365247,1.3603355369669308,0.9128159299187272,1,147708.74317831258,340075.68408383895,273049.7387694089,392965.73790952587,235855.55442407503,220453.7400502803,278733.2369310792,278470.0281045104,445888.6860374125,272498.3073280799,71612.47990983115,0.21918036660023668,0.6079903020953235,0.5096491397859855,0.6558511138611869,0.4086280324957387,0.3956887915501988,0.4849037409500775,0.4899462952535834,0.7367767200376619,0.4870558780995134
2021-11-22,107313.0,157965.0,146020.0,89724.0,149038.0,175834.0,153541.0,152028.0,92588.0,96373.0,15.0,1018.7823667741172,22.695018734073635,220047.0,0.0,4016558.0,4016558.0,3942.0,-0.0607762424048652,0.950907466018338,0.6741284982523513,-0.4460430579207062,0.7198985669460062,1.2622159346991724,0.764388509636614,0.7325594799851952,-0.3110758890389702,-0.3525242602159662,1,195938.24590698755,362010.41045030334,309849.8432616453,325503.4427457155,290551.332654445,308106.24403016816,320780.94215864746,319110.0168627062,360121.2116224475,259871.98439684795,69816.6816185276,0.33063047748814184,0.6373502616067603,0.5723557340237198,0.566641292289847,0.5118681429346319,0.5612046001361145,0.5549282127555389,0.557798157857782,0.6461194380269314,0.4633969529359997
2021-11-29,161699.0,136381.0,122795.0,135359.0,40103.0,31046.0,73947.0,94131.0,83646.0,89252.0,15.0,959.737560356484,23.455482026150754,182212.0,0.0,3747568.0,3747568.0,3904.0,1.0229483630852212,0.5372732474045637,0.2554181600885759,0.4656886552365863,-1.3766463706420675,-1.5320023767133777,-0.7878644297613873,-0.3633343454266168,-0.4804943860729629,-0.4918868384225883,1,279261.94754419255,353587.246270182,308704.9059569872,330661.0656474293,214433.799592667,215909.7464181009,266415.56529518845,285597.0101176237,299718.72697346844,245175.1906381088,76800.07803385043,0.5008416189240423,0.6263983739020774,0.5705425433528831,0.5743453016125591,0.36352966399597436,0.38577285059607846,0.4623715217213194,0.5025805806167176,0.5584398057904312,0.4346001354132393
2021-12-06,28792.0,67333.0,162202.0,95697.0,84772.0,136021.0,173606.0,198980.0,23654.0,90017.0,10.0,991.0297936496972,24.282214623649853,205914.0,0.0,3699123.0,3699123.0,3732.0,-1.625427802506492,-0.7859576424603313,0.9658645883348578,-0.3267097934813832,-0.5169542072682972,0.4938773042030825,1.1556988499766006,1.6212826761911368,-1.6171253941319306,-0.4769152933687944,1,196349.1685265155,279485.3477621092,347424.9435741923,294093.6393884576,213432.2797556002,265566.84785086056,333455.339177113,370338.20607057423,203485.23618408103,237122.1143828653,79820.12099554781,0.33155844402863305,0.5116068400735644,0.6272391232580422,0.516296978167563,0.3613660849601504,0.4872268139850418,0.5739789874078361,0.6294812946134795,0.368264461995022,0.41826438406273275
2021-12-13,194073.0,154508.0,107508.0,48732.0,146108.0,179841.0,68874.0,45963.0,38743.0,83037.0,0.0,976.2329300508017,25.163160903659712,76421.0,0.0,3838132.0,3838132.0,3931.0,1.6680500506176017,0.8846577674570049,-0.0201824831626461,-1.2650132865992147,0.6635082730355729,1.3395457740078864,-0.8867987610120601,-1.2750743972848506,-1.3312435218722665,-0.6135184103302075,1,311882.5011159093,322199.20865726547,315962.9661445154,225188.1836330745,274167.36785336013,339181.1087105164,268947.2035062678,268165.92364234454,160834.14171044863,225310.26862971915,90629.65653695894,0.5558457885361949,0.5819725047603861,0.5818915958096258,0.38492100498884274,0.482856338617642,0.6078375220705388,0.4670768108311445,0.47112484111046743,0.2669584970734216,0.39362593351423436
2021-12-20,174969.0,96213.0,138324.0,141465.0,34382.0,174222.0,69708.0,121757.0,68368.0,109818.0,10.0,986.5608196170822,26.085474685699538,51708.0,0.0,4330801.0,4330801.0,4389.0,1.2873735003421152,-0.2325034062869711,0.5353816839355197,0.5876790976719632,-1.486751787523156,1.2311064510541394,-0.8705339803570117,0.1595798439238973,-0.7699571234566959,-0.0893969095646484,1,362098.5006695456,289532.52519435924,327901.7796867092,276577.9101798447,198882.4207120161,377730.6652263098,231076.32210376067,282656.5541854067,164868.48502626916,245004.1611778315,105474.8015313602,0.6278253030048798,0.5292344294793861,0.5998215521387752,0.48560390108694806,0.3294549114721575,0.6578045506505782,0.39283339048560206,0.49740603158367014,0.2767660392032316,0.43425722413479295
2021-12-27,88148.0,156967.0,80566.0,162386.0,104291.0,24853.0,94553.0,190515.0,157513.0,26548.0,20.0,1017.3091439652072,27.03570655795741,184702.0,0.0,3739927.0,3739927.0,3676.0,-0.4426683113972071,0.9317818660286908,-0.5059045038648393,1.005655194329435,-0.1412947714874957,-1.6515191460767082,-0.3860034343442048,1.4610543183813889,0.919017593395829,-1.719044696008325,1,305407.10040172737,330686.5151166156,277307.06781202555,328332.7461079068,223620.45242720965,251491.39913578588,233198.7932622564,360108.932511244,256434.09101576149,173550.4967066989,115032.07642657064,0.545463412365945,0.5945669694175036,0.5173790683061421,0.5708866814901873,0.3831548916348148,0.4600802810416847,0.3972034311473466,0.6163234537512412,0.4807312774282608,0.27805788414901605
2022-01-03,144243.0,170810.0,47192.0,175026.0,121195.0,140900.0,88344.0,119259.0,139735.0,136981.0,15.0,976.2253451061516,28.0,200667.0,0.0,3765986.0,3765986.0,3857.0,0.675110744701171,1.197068119191704,-1.107585400565715,1.258186997864182,0.1840368081240964,0.5880355986845439,-0.507092191043481,0.1122968624934483,0.5821889152175331,0.4422005784042429,1,327487.2602410364,369221.9090699693,213576.2406872153,372025.64766474406,255367.27145632575,291794.8394814715,228263.27595735385,335324.3595067464,293595.4546094569,241111.2980240193,122838.305427263,0.5798029032398896,0.6464181652552979,0.3887145285159643,0.6307277583559239,0.447525573537815,0.5342624348254634,0.38700613075299517,0.5820891523990573,0.5482368088188022,0.4264046082513591
2022-01-10,140174.0,50746.0,21062.0,77108.0,154828.0,172864.0,69138.0,59063.0,175683.0,174249.0,5.0,992.3070434771054,28.96429344204257,126021.0,0.0,3535761.0,3535761.0,3563.0,0.5940296683260163,-1.1038297136309518,-1.578668334310363,-0.698095370689248,0.8313319463799342,1.204898833938783,-0.8816501973514692,-1.0271132056359789,1.2632732510907123,1.171559455613117,1,336666.35614462185,272279.1454419816,149207.7444123292,300323.3885988464,308048.36287379544,347940.90368888294,206095.9655744123,260257.61570404784,351840.27276567416,318915.7788144116,128487.655960112,0.5932098666938757,0.4985479006393022,0.23685003040315014,0.5267579834552787,0.5410162591593409,0.6199246117948236,0.3397900556209924,0.45623796998029054,0.6354102654903264,0.5653247733645298
2022-01-17,174555.0,69377.0,104076.0,131195.0,40609.0,79129.0,67638.0,134225.0,139891.0,44022.0,20.0,979.8741899239368,29.914525314300462,209380.0,0.0,3830294.0,3830294.0,3908.0,1.2791239142965725,-0.7467865739444605,-0.0820560625201521,0.3824970072999814,-1.3669079785879108,-0.6040636036959339,-0.910903399968463,0.3955783277008542,0.5851445499231138,-1.377067208073693,1,376554.81368677306,232744.48726518895,193600.64664739752,311389.0331593078,225438.01772427725,287893.5422133297,191295.57934464733,290379.5694224287,350995.1636594045,235371.46728864696,135022.8937864135,0.6459292633823774,0.4207777252093465,0.34318977266935785,0.5447550597878106,0.3869885449433775,0.5275581661320055,0.3071932166857891,0.5108824674616105,0.6342953034061866,0.4146626843619911
2022-01-24,144358.0,199476.0,109780.0,123081.0,167550.0,134130.0,98249.0,136400.0,127971.0,126297.0,15.0,1057.759866622982,30.836839096340285,94789.0,0.0,4090846.0,4090846.0,3867.0,0.6774022963804885,1.7464212748061618,0.0207781148269382,0.220389170758768,1.0761774477889898,0.4573834868502554,-0.3139235430959322,0.4367474568486631,0.3593037442146378,0.2331077844764869,1,370290.8882120638,339122.69235911337,225940.3879884385,309914.4198955847,302812.81063456635,306866.12532799784,213026.3476067884,310627.7416534572,338568.0981956427,267519.8803731882,140022.9608193406,0.6382193163221853,0.6066518328681911,0.41576959072033876,0.5423996695031567,0.5324918015053218,0.5592172992561621,0.35478261246262327,0.5444695210088677,0.6174158285691953,0.47784823562860723
2022-01-31,68555.0,74045.0,172617.0,56668.0,190738.0,183059.0,125865.0,100818.0,32149.0,156614.0,10.0,1013.7044959285556,31.717785376350143,236762.0,0.0,3855673.0,3855673.0,3803.0,-0.8330889379438784,-0.6573293587624229,1.1536307098408092,-1.10646167324069,1.522449848879477,1.401648949175204,0.224647419218001,-0.2367605676742499,-1.4561759273120056,0.8264310934906931,1,290729.53292723827,277518.615415468,308181.2327930631,242616.6519373508,372425.6863807398,367178.6751967987,253680.80856407303,287194.64499207435,235289.8589173856,317125.9282239129,137600.5231617255,0.5209509318525355,0.5080772955338859,0.5697103443191236,0.4207683213468019,0.6327414977566274,0.6449376237408107,0.4381286971961569,0.5053696119861575,0.4380154830880602,0.5625567477884849
2022-02-07,37159.0,117888.0,41689.0,43061.0,95683.0,166922.0,22719.0,24703.0,120102.0,80428.0,20.0,1008.8027853186688,32.54451797384925,76086.0,0.0,3626221.0,3626221.0,3594.0,-1.4587024729338895,0.1828747297607289,-1.2067958630378466,-1.378312958897122,-0.3069629114127551,1.0902260350437545,-1.7869198055369584,-1.6774908044951573,0.2102147089696715,-0.6645782286901396,1,211596.71975634297,284399.1692492808,226597.73967583783,188630.99116241047,319138.4118284439,387229.2051180792,174927.48513844382,197019.7869952446,261275.9153504313,270703.5569343477,126762.8657594436,0.3655003338348697,0.5203121948689482,0.41718164424977383,0.30512720044696234,0.5585232187651002,0.6688960992769237,0.27048353131319747,0.3247049508958673,0.490075693321845,0.48375467218571583
2022-02-14,130510.0,190862.0,31174.0,99252.0,144714.0,163184.0,173962.0,92099.0,79189.0,173812.0,15.0,1027.336740184937,33.30498126592636,66859.0,0.0,3866842.0,3866842.0,3763.0,0.4014596211179813,1.5813432003464207,-1.3963648277651706,-0.2556852237372355,0.636679580301394,1.0180875425715874,1.162641610064367,-0.4017967226350525,-0.5649383853215096,1.1630070828176815,1,257468.03185380576,361501.5015495685,167132.6438055027,212430.59469744627,336197.0470970663,395521.5230708475,278918.49108306627,210310.8721971468,235954.5492102588,336234.13416060864,117721.34230390847,0.4602980482128737,0.636699701338482,0.2802683193139634,0.35770139174430793,0.5840243216225983,0.6782133942101459,0.4852356487693956,0.353962277486572,0.439404789285658,0.5911116126594466
2022-02-21,126530.0,127455.0,108461.0,59749.0,150330.0,141789.0,187581.0,176921.0,172747.0,79353.0,0.0,976.2346169290046,33.988085985368805,57684.0,0.0,3564158.0,3564158.0,3650.0,0.3221520064772549,0.3662160274570771,-0.0030013872629657,-1.0449070461290957,0.7447641846020745,0.6051921315384113,1.4282411876915926,1.203742529123773,1.2076466902215777,-0.6856166743539676,1,281010.8191122834,344355.9009297411,208740.58628330164,187207.35681846776,352048.2282582398,379101.91384250845,354932.0946498398,303107.52331828803,314319.7295261553,281093.4804963652,112087.41342309538,0.5039630113957062,0.6139359699749399,0.37788805346368975,0.3019242002873469,0.6062216084234956,0.6594340329757202,0.6041863634057834,0.5322885294021337,0.5817508599658283,0.5025804034915
2022-02-28,100077.0,156672.0,146174.0,150560.0,91315.0,175130.0,62534.0,182932.0,91031.0,133132.0,0.0,1034.3702889999936,34.58387092714925,141088.0,0.0,3626529.0,3626529.0,3506.0,-0.2049646593747888,0.9261285073143162,0.676904876813265,0.7693861192818149,-0.3910287147577289,1.2486296589633763,-1.010442297406554,1.3175207522536485,-0.340575396965824,0.3668731576041744,1,268683.49146737007,363285.5405578447,271418.351769981,262884.41409108066,302543.93695494387,402591.14830550505,275493.25678990385,364796.5139909728,279622.8377156932,301788.08829781914,108289.60591767938,0.4815419383496438,0.6389741050463491,0.5066536411833124,0.4602946453822429,0.5320494942774725,0.6858968916687475,0.47906538097681167,0.6224213292376014,0.5239883047551217,0.5380257553402029
2022-03-07,55920.0,113179.0,123033.0,124680.0,97834.0,196492.0,112241.0,51585.0,62668.0,36052.0,5.0,1013.8471098333096,35.08364820522568,182279.0,0.0,3694117.0,3694117.0,3643.0,-1.0848607246236717,0.0926317935370325,0.2597089269554426,0.2523352430571905,-0.2655651222655394,1.6608882133214369,-0.0410496690846143,-1.16865929656348,-0.8779514684682993,-1.533045265692957,1,217130.094880422,331150.3243347068,285884.01106198854,282410.6484546484,279360.3621729664,438046.688983303,277536.95407394227,270462.9083945836,230441.7026294159,217124.8529786915,102610.62296074524,0.37755463163716796,0.5952425124399953,0.5325702524464265,0.4960348330696324,0.49223214956334665,0.7210777619486165,0.4827554474681838,0.47537713961176065,0.42779318954917883,0.3761063975980861
2022-03-14,39457.0,191836.0,29348.0,167979.0,146205.0,58890.0,169859.0,173087.0,164745.0,120689.0,15.0,937.5643638898374,35.48012994148332,96099.0,0.0,3443352.0,3443352.0,3672.0,-1.412911292420224,1.60000886606778,-1.4292847449874333,1.1173965216371753,0.6653751189431879,-0.994649732412945,1.0826243498393502,1.1311712918121872,1.0560377869263406,0.1233555953762571,1,169735.0569282532,390526.194600824,200878.4066371931,337425.389072789,313821.2173037798,321718.0133899818,336381.17244436534,335364.74503675016,303010.0215776495,250963.9117872149,93929.41914159746,0.2704271463184221,0.6716210651223968,0.3600131602263956,0.5842156419723451,0.5502220392770815,0.5823708997930531,0.5782457502087188,0.5821477431532924,0.5638188384098693,0.4461015964758503
2022-03-21,98953.0,65714.0,174786.0,169849.0,34153.0,86017.0,146209.0,63585.0,108204.0,198148.0,0.0,942.8787666759694,35.767534539408416,248568.0,0.0,3568503.0,3568503.0,3784.0,-0.2273620862230743,-0.8169840416419334,1.1927343793123797,1.1547568438373317,-1.4911590835318551,-0.4711342467809296,0.6213988552447485,-0.941519273679017,-0.0152092764598123,1.639278351352488,1,200794.03415695197,300029.7167604944,295313.04398231587,372304.23344367335,222445.73038226788,279047.80803398904,348037.7034666192,264803.84702205006,290010.01294658973,348726.3470723289,87863.64375697421,0.3415544747191346,0.5469361535044772,0.5486865760643744,0.6310763821603548,0.38066827360931993,0.5119800070013215,0.5947670840470404,0.4648425130314009,0.5421433898981394,0.6086216696537132
2022-03-28,72995.0,122946.0,58102.0,71745.0,96325.0,198376.0,199917.0,46958.0,174741.0,151743.0,10.0,977.1081178886374,35.94167099278443,116093.0,0.0,3657867.0,3657867.0,3743.0,-0.7446151165858821,0.2798058768024483,-0.9108952051139696,-0.8052415781541885,-0.2946070859211175,1.697246939864391,1.6688195260137493,-1.2562407037206806,1.245425764599321,0.7311024713246411,1,193471.42049417115,302963.83005629666,235289.82638938952,295127.54006620403,229792.43822936076,365804.6848203935,408739.6220799715,205840.30821323,348747.0077679538,360978.8082433973,82884.17800531529,0.32504676202127075,0.5517546706068465,0.43559221948245397,0.5180495984576645,0.39610377815367104,0.6432187553123003,0.6693491640845537,0.3441984655404461,0.6313091226398266,0.6249437528994908
2022-04-04,191829.0,129616.0,94460.0,128464.0,164071.0,183993.0,112124.0,46017.0,185140.0,20163.0,15.0,947.1597401653931,36.0,210761.0,0.0,4217832.0,4217832.0,4453.0,1.6233349030663982,0.4076292755308525,-0.2554174666873368,0.3279349538622128,1.0092211909581374,1.4196739229496833,-0.0433314188887398,-1.2740522671818706,1.442449131928385,-1.8440032779278983,1,307911.8522965027,311394.298033778,235633.8958336337,305540.5240397224,301946.4629376164,403475.81089223607,357367.77324798284,169521.184927938,394388.2046607722,236750.2849460384,88404.34352408398,0.5495105048872683,0.5652890493412812,0.436310857451082,0.5353358479395526,0.5310650385926957,0.6868419155845604,0.6074526573102268,0.2625251107941647,0.6865017502566807,0.4175008872674152
2022-04-11,29692.0,125983.0,122634.0,111865.0,75318.0,152596.0,111659.0,144677.0,160507.0,61424.0,10.0,990.4688615720166,35.94167099278443,98651.0,0.0,3707513.0,3707513.0,3743.0,-1.60749391979879,0.3380067256687397,0.2525155825021661,-0.0036928473144694,-0.6989043228414156,0.8137530432951552,-0.0523999117000079,0.5934172876332213,0.9757430440913976,-1.0364988067323593,1,214439.1113779016,312819.5788202668,264014.33750018023,295189.3144238334,256485.87776256984,394681.4865353416,326079.6639487897,246389.7109567628,397139.92279646336,203474.17096762304,89715.26424957134,0.37171130060079366,0.5675320892399108,0.492825549605214,0.5181541073989134,0.44968788922475605,0.6772846789999936,0.5630057182614404,0.42922540839216927,0.6894867496653125,0.34615702574501717
2022-04-18,196830.0,144123.0,109930.0,132428.0,151886.0,120424.0,184134.0,196422.0,57384.0,161706.0,10.0,959.4504803433656,35.767534539408416,63893.0,0.0,4060524.0,4060524.0,4232.0,1.7229875113121953,0.6856403767831701,0.023482379658997,0.4071308454137743,0.7747107024603114,0.1928756811189765,1.361017328077741,1.5728639946462657,-0.9780641209316876,0.9260848286722856,1,325493.46682674094,331814.74729216006,268338.6025001081,309541.5886543,305777.52665754186,357232.891921205,379781.7983692738,344255.8265740577,295667.953677878,283790.5025805738,98913.44305033814,0.5768244371043831,0.5962079775509975,0.5009481634327986,0.5418020679190921,0.5373394935086561,0.6322633193989993,0.6360544680130054,0.594820383363505,0.5517187698634467,0.5073544030415399
2022-04-25,57065.0,169661.0,26801.0,43624.0,135033.0,35048.0,95713.0,163273.0,101929.0,155870.0,0.0,996.0910778771632,35.48012994148332,116418.0,0.0,3149444.0,3149444.0,3161.0,-1.0620448405122065,1.175048766097411,-1.475203161835792,-1.3670649046732248,0.4503606603877745,-1.4547690308402872,-0.3633809576537297,0.9454086097631772,-0.1340977878541653,0.8118705320266112,1,252361.08009604452,368749.848375296,187804.1615000649,229348.95319258,318499.5159945251,249387.73515272295,323582.0790215642,369826.4959444346,279329.77220672683,326144.30154834426,103002.9728761609,0.45036102244260107,0.645833127162459,0.32961935903791145,0.3936259109893472,0.5575347420415041,0.455909979895518,0.5592187114676871,0.6288360803999931,0.5234651735108485,0.5763059304917724
2022-05-02,119299.0,63484.0,123150.0,43321.0,96077.0,186183.0,95418.0,49426.0,147959.0,42420.0,15.0,1056.4683750372585,35.083648205225686,175074.0,0.0,3922288.0,3922288.0,3712.0,0.1780632221890408,-0.859719600737037,0.2618182535244485,-1.3731184755965655,-0.2993800527777003,1.4619380477527988,-0.3691340875017385,-1.2095255723474427,0.7380039140553273,-1.408419384774579,1,270715.64805762673,284733.9090251776,235832.4969000389,180930.371915548,287176.70959671505,335815.6410916338,289567.2474129385,271321.8975666608,315556.8633240361,238106.5809290065,106341.8404564315,0.48530524245488166,0.5208993532492995,0.4367253083141089,0.2877450904818289,0.5060288173724862,0.6030734153660039,0.5039652550021337,0.47695901800736223,0.5836612091959349,0.4202819475564989
2022-05-09,183678.0,102989.0,199208.0,161560.0,110474.0,188976.0,148232.0,37778.0,96153.0,140575.0,20.0,998.0249238577526,34.58387092714925,153065.0,0.0,4362966.0,4362966.0,4371.0,1.4609137053436445,-0.1026486312069612,1.6330247508359843,0.9891527204592054,-0.0222977792526119,1.5158392808921146,0.6608516745075341,-1.4300028212272948,-0.2435320574659235,0.5125374841863802,1,346107.388834576,273829.3454151065,340707.4981400233,270118.2231493288,282780.025758029,390465.3846549802,321972.3484477631,200571.1385399965,285487.1179944216,283438.9485574039,113956.4562428146,0.6064858174324406,0.5013865306778632,0.6180647355986401,0.4738075058930968,0.49831489699040304,0.6725721354370796,0.5567586890777556,0.33258798435181613,0.5343302450261587,0.5067347521446149
2022-05-16,31534.0,56212.0,174697.0,42574.0,153515.0,74912.0,185904.0,196313.0,95388.0,49300.0,0.0,987.8814218039228,33.98808598536881,180351.0,0.0,3590253.0,3590253.0,3634.0,-1.570789239857027,-0.9990796840283348,1.191129848845358,-1.3880426256947032,0.8060621662077844,-0.6854461673008371,1.3955361071657937,1.570800806105065,-0.2580260353490597,-1.27377333252608,1,239198.4333007456,220509.6072490639,379121.498884014,204644.93388959728,323183.01545481745,309191.2307929881,379087.4090686579,316655.6831239979,266680.270796653,219363.3691344424,113194.42620818964,0.4240066395083297,0.39470399337564216,0.6670798028938466,0.34073230445146785,0.5647244189882743,0.5629351536753374,0.6352067669275716,0.5539859599107311,0.5003111183454966,0.3809321237987607
2022-05-23,60397.0,63525.0,195333.0,156312.0,93319.0,54008.0,183038.0,62229.0,51401.0,109881.0,0.0,1015.5297059114138,33.304981265926365,241083.0,0.0,3261418.0,3261418.0,3211.0,-0.9956496214210256,-0.8589338796953782,1.563164576007798,0.8843040729156649,-0.3524600632230844,-1.0888659229557804,1.3396429880322571,-0.9671860962649612,-1.0914202904412356,-0.0881639587955124,1,203916.05998044732,195830.76434943837,422805.8993304084,279098.9603337584,287228.80927289044,239522.7384757929,410490.4454411947,252222.40987439876,211409.1624779918,241499.0214806654,107310.85313500324,0.34852771835069785,0.3396257697211871,0.7136381502908611,0.4901381308661897,0.5061195058939266,0.4359684440625045,0.671238410189136,0.44072540646795266,0.3862114183034195,0.4271907764097246
2022-05-30,111387.0,198274.0,21542.0,194293.0,145885.0,151132.0,164059.0,106652.0,139503.0,30749.0,15.0,972.143208283096,32.54451797384925,88635.0,0.0,3675974.0,3675974.0,3781.0,0.0204044666519988,1.7233862335360657,-1.570014686847775,1.643118189217344,0.6592164520314683,0.7854997653445793,0.9695119663869745,-0.1263326598819202,0.5777933559117976,-1.6368284074187984,1,233736.6359882684,315772.458609663,275225.539598245,361752.376200255,318222.28556373424,294845.6430854757,410353.2672647168,257985.44592463924,266348.49748679507,175648.41288839924,102216.89854077742,0.4127656499120914,0.572138056752727,0.5136154378563401,0.6175907011478994,0.5571050614679277,0.5394346545032901,0.671090876189423,0.45189060548507054,0.49968868794473914,0.28290763693086024
2022-06-06,21016.0,183707.0,41677.0,161550.0,129777.0,103559.0,188383.0,148267.0,147834.0,124131.0,15.0,1033.73657237584,31.717785376350147,237187.0,0.0,3367935.0,3367935.0,3258.0,-1.7803765491010368,1.4442252966130278,-1.2070122042244114,0.9889529326399532,0.3492045563627787,-0.1325966772392621,1.4438819000241452,0.6613700111461565,0.7356356170155991,0.1907177627947648,1,161257.98159296103,373170.4751657978,206812.323758947,378601.425720153,320710.37133824057,280466.3858512854,434594.96035883005,303058.2675547835,307643.098492077,229520.04773303957,92238.84245891236,0.250692368430499,0.6512655379491266,0.3735345491586879,0.6388514499640255,0.560944921221126,0.5145136015206442,0.6959139251464584,0.5322076095078008,0.5712674637707692,0.4024968933538403
2022-06-13,75591.0,83208.0,197804.0,170334.0,37368.0,75337.0,51575.0,199436.0,54084.0,176193.0,10.0,1019.8085181249644,30.836839096340288,145071.0,0.0,3603579.0,3603579.0,3533.0,-0.6928858282423329,-0.4817302879155912,1.607712832007914,1.1644465530710622,-1.4292837269031715,-0.6772442252728352,-1.2241661957263104,1.6299139970607464,-1.0405871627805106,1.2096047936321694,1,172345.7889557766,307110.2850994787,321891.39425536816,397494.8554320918,229794.22280294436,243616.83151077124,312331.97621529805,381270.9605328701,238669.8590952462,313905.0286398237,83531.93991138227,0.27649229427668437,0.5584687345784669,0.5909083742122757,0.661005563165351,0.39610749349769997,0.4443209330471123,0.5417077412647978,0.642947329656616,0.44504937266087047,0.5575261652350938
2022-06-20,43247.0,53828.0,59081.0,138831.0,166400.0,130616.0,83852.0,146503.0,130641.0,148563.0,15.0,1001.5546224819426,29.91452531430047,128518.0,0.0,3427768.0,3427768.0,3422.0,-1.3373897196844569,-1.0447664880116203,-0.8932453699767322,0.5350549860809408,1.0540447385749971,0.3895679002940235,-0.5946957818138384,0.6279804277821405,0.409890568983231,0.6688678134539687,1,146654.47337346594,238094.1710596872,252215.8365532209,377327.9132592551,304276.5336817666,276786.0989064628,271251.18572917883,375265.57631972205,273842.91545714776,336906.01718389423,74730.97903106584,0.21673844700026293,0.431893102874931,0.47000203018743736,0.6372952225160999,0.5348919043805787,0.5079125794977783,0.47132569461643814,0.6356253795598512,0.5135598863421663,0.5920762499476244
2022-06-27,44300.0,169783.0,113105.0,155504.0,111751.0,33350.0,152079.0,104878.0,125111.0,57487.0,10.0,1006.1726332653436,28.96429344204258,156233.0,0.0,3190869.0,3190869.0,3171.0,-1.3164070769164455,1.177386765294542,0.0807226519375755,0.8681612171200893,0.0022791508919693,-1.4875382015780452,0.735876388152584,-0.15991152659834,0.3051171079456578,-1.1135484444797925,1,132292.68402407956,312639.50263581227,264434.5019319325,381900.747955553,294316.92020906,199421.6593438777,314829.7114375073,330037.34579183324,289416.74927428865,259630.61031033652,66726.35120038575,0.18378661753210668,0.5672494090198128,0.49362049362260396,0.6428455292263452,0.5183006345691109,0.34887360287202823,0.5456599428702796,0.5743375247475215,0.5411266090385527,0.4629348490876465
2022-07-04,102798.0,23420.0,39065.0,115257.0,47306.0,44354.0,96242.0,77056.0,187523.0,184433.0,0.0,1081.669836422514,28.000000000000004,153651.0,0.0,2978224.0,2978224.0,2902.0,-0.1507445539885033,-1.6275032059326568,-1.2541024691666622,0.0640751809758676,-1.2380186276260774,-1.2751754484577331,-0.3530643281974699,-0.6865356696559671,1.4875983466937623,1.3708669259763018,-1,182173.61041444773,211003.70158148732,197725.7011591595,344397.4487733318,223896.152125436,164006.9956063266,285139.8268625044,275078.4074750999,361173.0495645732,340211.3661862019,64510.05888049766,0.29922025564512356,0.3738552974835261,0.3527563657063858,0.5941160297901213,0.38373748097014415,0.26599879786634156,0.49626146898485474,0.48382345793464593,0.6474520230802092,0.59678363303963
2022-07-11,29268.0,116752.0,108092.0,84291.0,190987.0,65186.0,198589.0,178562.0,158299.0,41223.0,5.0,1037.6924884107148,27.035706557957425,122805.0,0.0,3138500.0,3138500.0,3024.0,-1.615942771207752,0.161104507728425,-0.0096538787498304,-0.554587780120412,1.5272420615701592,-0.8731451982757691,1.6429206906301708,1.2348039272532234,0.9339094451816397,-1.4318454493881625,1,138572.16624866863,243354.2209488924,226727.4206954957,290929.4692639991,325324.6912752616,163590.19736379597,369672.8961175026,343609.0444850599,375002.829738744,245349.81971172115,61547.02750002524,0.19810960874022907,0.44264658244427907,0.41745988844944415,0.5108923524940578,0.5679687380509648,0.2650063571772525,0.6234747920944858,0.5939136015475379,0.6644103253045832,0.434950081656962
2022-07-18,106807.0,151373.0,74693.0,147600.0,57219.0,48145.0,49257.0,39975.0,182982.0,92930.0,20.0,1087.9810652464537,26.08547468569953,240026.0,0.0,3384624.0,3384624.0,3110.0,-0.0708590697938621,0.8245788536618703,-0.6117854862560493,0.7102489247831716,-1.047234674201461,-1.2020141255679568,-1.2693721448371047,-1.3884172687041976,1.4015628518345182,-0.419905998281603,1,189950.2997492012,297385.5325693354,210729.4524172974,322157.68155839946,252413.81476515692,146299.11841827756,271060.7376705016,246140.42669103597,407983.6978432464,240139.8918270327,63415.39565097806,0.3170398473870829,0.5425455527222492,0.38235687973705257,0.5615602863778874,0.4417804475523049,0.22382205272780192,0.47097568565678444,0.4287294905095005,0.700902252354162,0.4244310187140472
2022-07-25,32185.0,196308.0,46962.0,70428.0,80279.0,185092.0,193279.0,177795.0,56041.0,165128.0,0.0,1021.281207731698,25.163160903659715,209136.0,0.0,2876660.0,2876660.0,2902.0,-1.5578170646984555,1.6857099513921312,-1.111731939974872,-0.8315536339496997,-0.6034257398756614,1.44088318009974,1.5393643533660128,1.220285894123858,-1.0035091043265267,0.9930555831482104,-1,146155.17984952067,374739.3195416012,173399.67145037843,263722.60893503967,231727.28885909417,272871.47105096653,355915.4426023009,325479.2560146216,300831.21870594786,309211.93509621965,63147.86957858689,0.21558277718102117,0.6531687660170024,0.2953566346372302,0.4618766934687689,0.4001220391063291,0.5007911797389037,0.6055088804775902,0.5675240356323722,0.5602661575347095,0.550081741041155
2022-08-01,190171.0,135294.0,48295.0,151374.0,73028.0,106123.0,164353.0,174351.0,108920.0,48380.0,15.0,941.1323422931724,24.282214623649857,172813.0,0.0,3509415.0,3509415.0,3728.0,1.590296705811543,0.5164420578366814,-1.0877000398339758,0.7856488477689417,-0.7429772829284096,-0.083114843451505,0.9752455940999052,1.1550967075560172,-0.0016436710162495,-1.291778327884891,1,277864.1079097124,360137.5917249607,152334.80287022705,309607.56536102376,212064.3733154565,269845.8826305799,377902.2655613805,369638.5536087729,289418.73122356867,233907.16105773175,72663.35105785562,0.49833260203713137,0.6349491554390003,0.24442969857124783,0.5419078814925201,0.35840369942999634,0.495216380680473,0.6337544222997702,0.6285987643982207,0.5411300098997257,0.41163649753372683
2022-08-08,159643.0,144019.0,33807.0,151127.0,124263.0,40581.0,81246.0,162633.0,85681.0,46035.0,20.0,989.5130518854464,23.45548202615075,129063.0,0.0,3697681.0,3697681.0,3736.0,0.9819794043662932,0.683647328287255,-1.3488959657464312,0.7807140886334131,0.2430830271402089,-1.3479893949792652,-0.6455183458270956,0.9332944752093392,-0.4419385102661887,-1.3376714954027296,1,326361.4647458275,360101.55503497645,125207.88172213624,336891.5392166142,251501.6239892739,202488.52957834792,307987.35933682835,384416.13216526376,259332.2387341412,186379.29663463903,87365.95451190746,0.5781240484920452,0.6349027646030582,0.1793502550019447,0.5834462069467029,0.439995542682911,0.3558389432081244,0.5347448414838906,0.6467103325470754,0.4863442959763803,0.30757409657566775
2022-08-15,58044.0,85726.0,193420.0,131317.0,20126.0,108929.0,21435.0,108397.0,101571.0,50620.0,5.0,931.9918050180772,22.69501873407364,52454.0,0.0,3400186.0,3400186.0,3648.0,-1.042536761433495,-0.4334755176010303,1.5286761851829411,0.3849344186948579,-1.761120398440268,-0.0289627273795679,-1.811960546977105,-0.0933027148874712,-0.1408805905759467,-1.2479400783156125,1,253860.8788474965,301786.93302098586,268544.72903328174,333451.9235299685,171026.9743935643,230422.11774700877,206227.415602097,339046.6792991583,257170.3432404847,162447.57798078342,96423.41702158457,0.45329625192235257,0.54982866661455,0.5013320931420996,0.5784495740334521,0.2665033020274474,0.41702182284775346,0.3400761861045803,0.5874501830456559,0.48216280423242264,0.2523076993652559
2022-08-22,71214.0,161564.0,177504.0,159789.0,72329.0,43051.0,111357.0,53142.0,147556.0,170949.0,5.0,1021.1321213866768,22.011914014631195,70878.0,0.0,3464530.0,3464530.0,3392.0,-0.7801042778107901,1.0198784423337095,1.2417356580692858,0.9537702976696456,-0.7564301209636972,-1.3003216377812308,-0.0582895564935626,-1.1391878785942209,0.7303685243992437,1.1069763200869476,1,223530.5273084979,342636.1598125915,338630.83741996903,359860.1541179811,174945.1846361386,181304.27064820525,235093.4493612582,256570.00757949497,301858.20594429085,268417.54678847006,99800.52942223016,0.3913031027743083,0.6115599680164823,0.6151741456000465,0.6151104810612129,0.27545219474140825,0.30693587099360514,0.40108469494332116,0.4491667365873573,0.5619447146621213,0.47952013778819064
2022-08-29,134752.0,135668.0,191334.0,147449.0,47632.0,71474.0,177732.0,46916.0,46160.0,137360.0,10.0,1029.816167893816,21.416129072850755,232170.0,0.0,3692261.0,3692261.0,3585.0,0.4859879882802831,0.5236093668508378,1.4910688755851098,0.7072321287124638,-1.2317444857097628,-0.751795053635591,1.2361646593084117,-1.2570356938007765,-1.1907182487229573,0.4496178536661879,1,268870.31638509873,341249.6958875549,394512.5024519814,363365.09247078863,152599.11078168318,180256.56238892316,318788.0696167549,200858.00454769697,227274.9235665745,298410.52807308204,103095.63099293972,0.48188902002775885,0.6096318249216418,0.6845140606414212,0.6196895566971845,0.22435758696685046,0.3044756980762228,0.5518477768298241,0.3332227865370007,0.4210326675788739,0.5324262835668311
2022-09-05,68984.0,26102.0,188152.0,48699.0,129945.0,111748.0,156156.0,84324.0,37633.0,73352.0,20.0,964.5633601616288,20.91635179477432,243226.0,0.0,3808173.0,3808173.0,3948.0,-0.8245404538532071,-1.5761055514514604,1.4337024042810351,-1.265672586402747,0.3524378564914315,0.0254402716249902,0.8153865928655731,-0.5489645291289441,-1.3522739995850526,-0.8030601277759504,1,230306.1898310592,230851.8175325329,424859.5014711889,266718.0554824732,221504.4664690099,219901.93743335383,347428.8417700529,204838.80272861815,173997.9541399447,252398.31684384923,101908.6498451062,0.40561698349723097,0.41680284417475466,0.7156144114353397,0.46749561406490414,0.3786708696286585,0.39449087420059253,0.59392278196725,0.3419999478928531,0.2988522459935489,0.4489198394619632
2022-09-12,60774.0,138015.0,152396.0,93686.0,75176.0,145995.0,164579.0,196037.0,37014.0,181983.0,10.0,973.774544814126,20.519870058516684,194063.0,0.0,3494525.0,3494525.0,3588.0,-0.9881373172201324,0.568587105503846,0.7890777820470652,-0.3668871239329952,-0.7016372312834912,0.6863624095849427,0.9796530766275322,1.5655765855787225,-1.3640018065257862,1.3229188405099033,1,198957.71389863556,276526.09051951976,407311.7008827133,253716.83328948388,208078.67988140596,277936.1624600123,373036.3050620317,318940.28163717093,141412.7724839668,333421.99010630953,96979.8303920019,0.3374341999309351,0.506286248502007,0.6981388557223778,0.4427156818494405,0.34972539402085895,0.5099851394689261,0.6277176124990941,0.5575356747495184,0.2196871780449466,0.5870455180137026
2022-09-19,22568.0,46641.0,111267.0,87661.0,195399.0,89626.0,103807.0,145932.0,100532.0,183856.0,0.0,1005.9500358494088,20.232465460591584,118344.0,0.0,3065483.0,3065483.0,3047.0,-1.7494505646984218,-1.1824976374360645,0.047586393528748,-0.4872592850324296,1.6121546816154944,-0.4014852849478502,-0.2055306763324313,0.6171723483598881,-0.160565875570167,1.3595746625827867,1,141942.6283391813,212556.65431171184,355654.020529628,239891.09997369032,320246.2079288436,256387.69747600736,327628.783037219,337296.16898230254,185379.6634903801,383909.1940637857,87046.7615012039,0.20585597484724594,0.3772946723502198,0.6381191989972111,0.4152714587767091,0.5602313818238,0.4696733812874784,0.5653364244362935,0.5849389000114306,0.32606333007640864,0.6533413685587783
2022-09-26,140151.0,185656.0,186981.0,64247.0,154869.0,26960.0,196611.0,155720.0,69104.0,23191.0,20.0,952.0758374694312,20.05832900721557,154946.0,0.0,3845573.0,3845573.0,4039.0,0.5935713579901529,1.4815757919835917,1.4125911101587625,-0.955042485029468,0.8321210255779983,-1.6108568123049438,1.604345467445895,0.8024428936926483,-0.7560125904867765,-1.7847433584208556,1,225316.5770035088,313189.9925870271,400373.4123177768,208181.65998421417,347016.72475730616,180792.6184856044,393188.2698223314,358097.70138938155,180331.79809422808,253536.5164382714,83448.5813264114,0.39510074999311906,0.5681129083339166,0.6908484121090294,0.3484718171002285,0.599328245835324,0.3057348335089951,0.6519594445310253,0.6136712349757744,0.3140485029538763,0.45114706853027614
2022-10-03,153767.0,183817.0,39870.0,167820.0,198954.0,186844.0,135953.0,186205.0,192693.0,184232.0,0.0,949.0736092302986,20.0,86593.0,0.0,3927933.0,3927933.0,4138.0,0.8648910768213414,1.446333328676015,-1.2395895812346134,1.1142198953110658,1.6805736218378802,1.4746944799422324,0.4213849578848231,1.3794731934953857,1.5855511122569184,1.3669332259033442,1,288956.94620210526,371730.99555221625,280094.0473906661,292728.9959905285,407164.0348543837,295319.5710913626,371865.9618933988,401063.6208336289,300892.0788565368,336353.90986296284,87436.76699760999,0.5178977099025344,0.6495079133827457,0.5223711211544979,0.5139736305784972,0.6731250051527138,0.5402326006249434,0.6262478120461829,0.6658332249156661,0.5603658287777523,0.5912837700388951
2022-10-10,144375.0,174165.0,185650.0,125113.0,164790.0,172592.0,158563.0,116059.0,97231.0,110536.0,10.0,1049.5452819216448,20.05832900721557,86304.0,0.0,4174453.0,4174453.0,3977.0,0.6777410474983007,1.261363097112813,1.3885952668822938,0.2609860556308096,1.0230589456754076,1.1996495910408616,0.8623282319983091,0.0517261897242582,-0.2231078637953079,-0.0753451849259242,1,317749.16772126313,397203.5973313297,353706.42843439966,300750.3975943171,409088.42091263016,349783.7426548175,381682.57713603927,356697.17250017734,277766.2473139221,312348.34591777774,96480.3247118654,0.5650272605526219,0.679055345864405,0.6355793121844927,0.5274663049316196,0.6751965495336999,0.6224107142240223,0.6383627049608311,0.6118115094334858,0.520664076356385,0.555071972554817
2022-10-17,199262.0,123746.0,46790.0,24621.0,54560.0,56408.0,143797.0,118317.0,88388.0,124576.0,20.0,1004.5884247265589,20.232465460591584,211458.0,0.0,4057414.0,4057414.0,4038.0,1.7714488476956745,0.2951370190787187,-1.1148328303156327,-1.7467216975981297,-1.0984093470710317,-1.0425490738564758,0.5743597054366225,0.0944663706970179,-0.3906506695738359,0.1994267007672331,1,389911.5006327579,362068.15839879785,259013.8570606398,205071.23855659025,300013.0525475781,266278.24559289054,372806.54628162354,332335.30350010644,255047.74838835324,311985.00755066663,112127.4883432728,0.6617059129673064,0.6374239938357956,0.4832703804324319,0.34166783846297566,0.5278643312793839,0.4885636332921942,0.6274296142197837,0.5777265841786571,0.47802544444729145,0.5544969970932598
2022-10-24,156330.0,56631.0,138874.0,166106.0,96589.0,114006.0,83888.0,55046.0,36014.0,23631.0,10.0,977.6756256917618,20.51987005851668,236292.0,0.0,3765235.0,3765235.0,3851.0,0.915962789465608,-0.991049998261138,0.5452973216530687,1.0799762630912433,-0.2895261857189488,0.069016707152586,-0.5939937049510305,-1.1031483282965526,-1.3829481828436114,-1.776132273684033,1,390276.9003796547,273871.89503927866,294282.3142363839,289148.7431339541,276596.83152854687,273772.9473557343,307571.9277689741,254447.18210006383,189042.64903301196,210822.0045304,127546.95729672392,0.6621251469960983,0.5014642176999813,0.5469543686750195,0.5078236243130884,0.48726347791419045,0.5024402716548212,0.5340731529455716,0.4450590968150891,0.33472055718052357,0.36238569327457715
2022-10-31,59504.0,92991.0,45289.0,156198.0,42116.0,77134.0,93609.0,198136.0,112578.0,157244.0,20.0,932.3152444577112,20.91635179477432,163613.0,0.0,3592279.0,3592279.0,3853.0,-1.0134440183743345,-0.29424958180465,-1.1418935070684346,0.8820264917761901,-1.3379045066005308,-0.6425644845097309,-0.4044134498578329,1.605307161248263,0.0676621735543549,0.8387606011820526,1,293670.1402277928,257314.1370235672,221858.38854183035,329687.2458803725,208074.0989171281,241397.7684134406,278152.15666138445,350804.3092600383,226003.58941980716,283737.20271824,132732.72309140515,0.5259716956204192,0.4703177643271315,0.406940435745286,0.5729025699390582,0.3497153805373563,0.4398071129396063,0.48386131218265543,0.6038698749198301,0.41830031698172226,0.5072605072242609
2022-11-07,184231.0,24014.0,35485.0,156194.0,187316.0,171563.0,29077.0,121459.0,184827.0,62080.0,10.0,1034.094054275779,21.41612907285075,202155.0,0.0,4013258.0,4013258.0,3880.0,1.4719330799407102,-1.616119832792526,-1.3186442564917995,0.8819465766484892,1.456590604592275,1.179791241989535,-1.662925230711061,0.1539392000222665,1.4365189161409058,-1.023660462215642,1,360433.0841366757,178402.4822141403,168600.03312509818,354006.3475282235,312160.45935027685,316401.6610480644,195968.29399683067,331941.58555602294,320429.1536518843,232322.321630944,137948.48820817418,0.6256684452304636,0.2991435001866179,0.2838084524981798,0.6073160553671952,0.5475943782985494,0.5742439871697266,0.3175599636135027,0.5771480992688355,0.5910882512752528,0.40834738580563196
2022-11-14,33986.0,31093.0,64482.0,38030.0,152717.0,152413.0,40953.0,65893.0,60390.0,110353.0,5.0,972.6192715113212,22.01191401463119,68354.0,0.0,3594118.0,3594118.0,3695.0,-1.5219293727467098,-1.4804583875753787,-0.7958738075904006,-1.478826210762891,0.7907039905966835,0.8102213835513332,-1.431317874524782,-0.8978326759442387,-0.9211113137203052,-0.0789266133505573,1,250245.85048200545,138134.48932848417,165642.0198750589,250433.80851693408,340013.27561016614,342253.9966288386,158533.9763980984,265057.9513336137,252647.49219113056,249746.3929785664,132321.38325401914,0.44619753830534775,0.2037517785597156,0.2766682795655397,0.4362990130905018,0.5894979417237562,0.6121287639263936,0.23344214548097778,0.46531974118103864,0.47330889160246215,0.44369954199599093
2022-11-21,81858.0,38070.0,106188.0,102838.0,198595.0,195695.0,134682.0,121520.0,43711.0,171353.0,10.0,1074.4273778348215,22.695018734073635,72190.0,0.0,3935842.0,3935842.0,3663.0,-0.5680062249877018,-1.3467516629984555,-0.0439800136847638,-0.1840413117534062,1.6736643673962948,1.6455071596830428,0.3965977442006904,0.1550938284719292,-1.2371179243253112,1.114882861527121,1,232005.5102892033,120950.6935970905,205573.2119250353,253098.28511016045,402602.96536609967,401047.39797730313,229802.38583885905,280554.7708001682,195299.49531467832,321200.83578713983,122421.4880681987,0.4091665893076467,0.16400878781862177,0.37072632714575315,0.4415115789302863,0.6681484651555697,0.684239113001958,0.3901993665392225,0.4936745438100526,0.3493749250053173,0.5688302767634414
2022-11-28,149312.0,55777.0,24748.0,104717.0,144085.0,110327.0,87889.0,145818.0,111658.0,48671.0,5.0,1034.372403907738,23.455482026150747,56142.0,0.0,4010010.0,4010010.0,3876.0,0.7761183574182168,-1.0074159926410566,-1.512215533170571,-0.1465011805159229,0.624573950653045,-0.001983162779223,-0.5159656625039691,0.6150145181424858,0.0502315073419557,-1.2860832695703106,1,288515.3061735219,128347.4161582543,148091.9271550212,256575.97106609627,385646.7792196598,350955.43878638186,225770.4315033154,314150.86248010094,228837.697188807,241391.50147228388,116478.26256764276,0.5171338670671757,0.18094138932218656,0.2341471704777923,0.4482520075437634,0.6487991023417248,0.6239812891979702,0.3818091440346384,0.5500581231977499,0.42437707360789184,0.42697285279936575
2022-12-05,32666.0,76958.0,160507.0,58638.0,137718.0,151410.0,174893.0,81272.0,77993.0,142811.0,10.0,967.6743258237092,24.28221462364985,209470.0,0.0,3892722.0,3892722.0,4022.0,-1.548232400718006,-0.6015048369489535,0.935306395732593,-1.067103472848012,0.5020357249439225,0.7908648003652488,1.1807980978219812,-0.6067338082825592,-0.5875982513976286,0.5562974511671424,1,205775.18370411315,153966.44969495258,249362.15629301275,212583.58263965772,369106.0675317959,361983.2632718291,310355.2589019892,269762.5174880605,215295.6183132842,287645.9008833703,106585.90501710727,0.35266039677367067,0.24122144695004927,0.46433715511126716,0.35803226397718557,0.6285704856542157,0.6383844161154829,0.5385536965647525,0.47408397208178876,0.3948829956239078,0.514098152472986
2022-12-12,58660.0,102074.0,23709.0,87067.0,39256.0,163326.0,188639.0,87649.0,178285.0,147734.0,20.0,971.3811321147411,25.163160903659712,233043.0,0.0,3792645.0,3792645.0,3904.0,-1.0302620150468902,-0.1201836251854454,-1.5309470742406317,-0.4991266814960087,-1.3929475921240255,1.0208279561432962,1.448874446604112,-0.4860278144547075,1.312571722269693,0.6526437469839097,1,182125.1102224679,194453.86981697156,173326.29377580763,214617.14958379464,260719.6405190775,380515.9579630975,374852.1553411936,249506.5104928363,307462.3709879705,320321.5405300222,96099.97296074063,0.2991086022606196,0.33646798288724544,0.29518048635190436,0.36242047541110245,0.45780367387879783,0.6611042911558124,0.6299843388242348,0.435395397117553,0.5709795934273072,0.5674851073719707
2022-12-19,154633.0,30729.0,143961.0,138033.0,120158.0,31344.0,135374.0,84674.0,27421.0,179674.0,20.0,1068.8740465177732,26.08547468569953,91862.0,0.0,4261614.0,4261614.0,3987.0,0.8821474572934189,-1.4874340573110818,0.6370079563242904,0.5191119181046174,0.1640788781633048,-1.526251367950214,0.4100932216746635,-0.5423396117948139,-1.545754394542683,1.2777302162887136,1,263908.06613348075,147401.3218901829,247956.77626548457,266803.2897502768,276589.7843114465,259653.57477785848,360285.2932047161,234377.90629570177,211898.4225927823,371866.9243180133,93550.89443445444,0.4725944072198359,0.22563125234942924,0.4615267739144579,0.4676547001397075,0.4872507468763148,0.4759834040549703,0.6113234365098958,0.4049283897891703,0.38730793592800195,0.6387676183257429
2022-12-26,46854.0,196089.0,50355.0,125977.0,188502.0,152822.0,44860.0,164832.0,37727.0,71399.0,20.0,996.6296221266198,27.03570655795741,234482.0,0.0,4086626.0,4086626.0,4100.0,-1.265514703099256,1.6815130511940022,-1.050561469473701,0.2782477232141974,1.479416163833836,0.8181145465853397,-1.3551230327750523,0.974917884402917,-1.350493040211177,-0.8412816016191652,1,205198.83968008845,284529.79313410976,199129.06575929077,286058.9738501661,354455.8705868679,308614.14486671507,261031.1759228297,305458.74377742107,164866.05355566938,294519.154590808,89742.20889348858,0.3513808486336898,0.5205414077935394,0.35599261209742156,0.5024526202396001,0.6094708885596842,0.5620156471932767,0.4522375612052191,0.536133981991635,0.2767601351084127,0.5258856409474363
2023-01-02,84505.0,178823.0,164188.0,108869.0,190354.0,87957.0,172267.0,172999.0,132418.0,174544.0,15.0,979.4675508670653,28.0,200575.0,0.0,3862699.0,3862699.0,3943.0,-0.5152606832907162,1.3506286730163972,1.0016690547113167,-0.0635492779624205,1.5150594485854136,-0.4336947937589916,1.129585491107164,1.1295055983110345,0.4435582797000063,1.177332796516214,1,207624.30380805308,349540.87588046584,283665.43945557444,280504.38431009965,403027.5223521207,273125.48692002904,328885.7055536978,356274.2462664526,231337.63213340164,351255.4927544848,87205.34239889441,0.3567556590794256,0.6209957893166096,0.5286895609608105,0.49264885132011327,0.6686156867071614,0.5012564109098104,0.5672173238012661,0.6112478356003123,0.4296939527906088,0.6120588659876619
2023-01-09,124488.0,125864.0,176542.0,125186.0,139719.0,125423.0,97475.0,106475.0,24358.0,27099.0,0.0,1001.1088675390628,28.96429344204257,175438.0,0.0,3405387.0,3405387.0,3401.0,0.2814620192671134,0.3357262182551445,1.2243923062796818,0.2624445067113504,0.5405466389762696,0.2893498180554031,-0.329018195646301,-0.1296829752194661,-1.6037871452041816,-1.7082612694401675,1,249062.58228483185,335588.5255282795,346741.2636733446,293488.63058605976,381535.5134112724,289298.2921520174,294806.42333221866,320239.5477598716,163160.57928004098,237852.29565269084,88673.89543940545,0.4438563709504988,0.6016410525289287,0.6263175494344294,0.5152683460589894,0.6438993089660973,0.5299838738075239,0.5129281512921429,0.5595405209040092,0.272616718107675,0.41976135826402583
2023-01-16,42662.0,150858.0,193416.0,54674.0,88244.0,78053.0,107266.0,81367.0,85108.0,176503.0,20.0,979.2834939978484,29.914525314300448,98456.0,0.0,4030899.0,4030899.0,4116.0,-1.349046743444463,0.8147094308215213,1.5286040714540865,-1.1462993643995734,-0.4501326712761387,-0.6248289910421222,-0.1380727910976437,-0.6049356164347238,-0.4527947838963025,1.2156716942422037,1,192099.5493708991,352211.1153169677,401460.7582040068,230767.17835163584,317165.3080467634,251631.97529121043,284149.8539993312,273510.7286559229,183004.3475680246,319214.3773916145,86853.53582803065,0.32193215688976123,0.6245714301925561,0.6920057155321986,0.3965725562635921,0.5554626246038278,0.460357919299318,0.4945226551340913,0.48096934455723744,0.3204212437437073,0.5657846572274386
2023-01-23,28392.0,125510.0,62918.0,186926.0,162766.0,166968.0,172499.0,163660.0,114018.0,76492.0,5.0,1009.6419390843266,30.83683909634027,150167.0,0.0,3621244.0,3621244.0,3586.0,-1.6333984170432485,0.3289421877978948,-0.8240702755726673,1.495934502774268,0.9841053774587806,1.0911137746514912,1.1341099864452593,0.9527338755012013,0.0949449554520231,-0.7416082957904436,1,143651.72962253945,336836.6691901806,303794.454922404,325386.3070109815,353065.184828058,317947.18517472624,342988.91239959875,327766.4371935538,223820.60854081475,268020.62643496867,80749.28382393373,0.2097968616921021,0.6034191825447521,0.5626677438301936,0.5664645182316714,0.6075979294957995,0.5766249256614241,0.5877041446490939,0.5709581473011642,0.4135845135175838,0.47878150614993825
2023-01-30,50535.0,74748.0,72224.0,66271.0,76264.0,97454.0,120732.0,141750.0,144457.0,116722.0,20.0,996.9670551392696,31.71778537635016,132035.0,0.0,3902345.0,3902345.0,3914.0,-1.192165122824755,-0.6438571174871504,-0.6562976853917376,-0.9146054304128282,-0.6806977637836443,-0.2504151621356182,0.1245429598626483,0.5380140503846528,0.6716537041903036,0.0457188382149497,1,136726.03777352365,276850.0015141084,254500.6729534424,261502.7842065889,288103.11089683475,288222.3111048357,326525.34743975924,338409.8623161323,278749.36512448883,277534.3758609812,73322.59218666992,0.19388275677446393,0.5068714832489496,0.4744972423287474,0.45767762219665464,0.5076388655781843,0.5281270611347494,0.5636776880530969,0.5865386276362597,0.5224273553363791,0.4962092578694788
2023-02-06,133569.0,25801.0,59298.0,93688.0,77545.0,110600.0,47083.0,138154.0,183189.0,198756.0,15.0,1035.0203192204604,32.544517973849246,58016.0,0.0,3855809.0,3855809.0,3725.0,0.462414895787826,-1.581873893732907,-0.8893332001863538,-0.3668471663691448,-0.6560438503026664,0.0032853788058228,-1.3117697864966675,0.4699477568602754,1.405484751732308,1.6511773048070064,1,215604.62266411417,191911.00090846504,211998.40377206545,250589.67052395333,250406.86653810085,283533.3866629014,242998.20846385552,341199.9173896793,350438.6190746933,365276.6255165887,72430.01111931917,0.3742466048769297,0.3306159395389912,0.38519650219423135,0.4366050752141468,0.4378469022202808,0.5199450911984097,0.41707180270444727,0.5905153078016806,0.6335587908103566,0.6304754470464393
2023-02-13,72256.0,170262.0,100219.0,189590.0,59224.0,142732.0,77372.0,64738.0,51910.0,50111.0,5.0,984.457035870435,33.30498126592636,52384.0,0.0,3636787.0,3636787.0,3694.0,-0.7593408269425396,1.186566286732459,-0.1515917255684915,1.5491579778230469,-1.0086467768327174,0.6233907934970131,-0.7210696171192514,-0.9196949031468682,-1.0817765848954626,-1.2579015377043457,1,201618.7735984685,285408.60054507904,227418.04226323927,339943.80231437203,209468.1199228605,312852.03199774085,223170.9250783133,269457.9504338076,262173.17144481593,269276.9753099532,72970.3449669257,0.3434005416729929,0.5220805407043385,0.418939892264905,0.5878235320178632,0.35275847039250885,0.5687182687267732,0.3763574883253863,0.47352069425211196,0.4917892525320741,0.48111601944201365
2023-02-20,109135.0,49592.0,81629.0,131076.0,117945.0,179007.0,143786.0,53397.0,146888.0,83936.0,15.0,964.607345332414,33.988085985368805,243392.0,0.0,3830282.0,3830282.0,3970.0,-0.0244700931899397,-1.125944886364472,-0.4867402804216491,0.3801195322508805,0.1214878473019434,1.323450668945878,0.5741451819507646,-1.134361153107926,0.7177123450189365,-0.5959243985611086,1,230106.2641590811,220837.16032704743,218079.8253579436,335042.2813886232,243625.8719537163,366718.2191986445,277688.55504698795,215071.7702602845,304191.90286688955,245502.18518597196,77002.8000907597,0.40519829334804996,0.395413467552187,0.3986761380774251,0.5807682800688511,0.4243816792483513,0.6443627224633873,0.4830281717614334,0.36426561393992346,0.565732608726476,0.4352552624941324
2023-02-27,147478.0,30647.0,86040.0,161339.0,33224.0,57641.0,195136.0,102189.0,75754.0,173686.0,5.0,986.0406121350566,34.58387092714924,196144.0,0.0,3632059.0,3632059.0,3683.0,0.7395730897671886,-1.4890054993943995,-0.4072168659269057,0.9847374096537324,-1.5090384634099416,-1.018753792631708,1.5755798182058511,-0.2108098200597,-0.6300191879732392,1.1605411812794098,1,285541.7584954486,163149.29619622845,216887.89521476612,362364.3688331739,179399.52317222976,277671.9315191867,361749.1330281928,231232.06215617072,258269.1417201337,320987.31111158314,86061.6990368235,0.5119583695305923,0.2630583946937859,0.39605133262078973,0.6183887948182379,0.2856004779406895,0.5095097494907882,0.6132485722865098,0.39843325485951814,0.4842921755027087,0.5685040523579469
2023-03-06,55222.0,159788.0,48016.0,21062.0,60738.0,49711.0,27813.0,96367.0,129847.0,193063.0,10.0,985.796644071038,35.08364820522567,152239.0,0.0,3474656.0,3474656.0,3524.0,-1.0987694469903115,0.9858433064803892,-1.092729972421605,-1.8178261824699784,-0.9795085840066436,-1.1717923815306606,-1.6875759294496475,-0.3210105878291452,0.3948471461868778,1.5397616107007996,1,226547.0550972692,257677.57771773703,178148.73712885968,238480.62129990436,168377.71390333783,216314.15891151203,244862.47981691567,235106.23729370243,284808.4850320802,385655.3866669498,90832.71013378967,0.3977069676255745,0.4710210572833218,0.30672631404036893,0.4124105115125207,0.2604445017197426,0.3866600510696188,0.42079266577851887,0.40642452401548623,0.5331456959313495,0.6553941513170983
2023-03-13,97373.0,130627.0,43960.0,70448.0,176222.0,90342.0,51598.0,140585.0,180443.0,80920.0,0.0,996.8986473922404,35.48012994148332,161431.0,0.0,3424958.0,3424958.0,3435.0,-0.2588460136432622,0.4270040065824891,-1.165853293480476,-0.8311540583111954,1.2430773210965933,-0.3876674249665577,-1.2237176466195163,0.5159625398296195,1.35345800236356,-0.6549494703026016,1,233301.23305836148,285233.54663064226,150849.24227731582,213536.37277994255,277248.6283420027,220130.4953469072,198515.4878901494,281648.74237622146,351328.0910192481,312313.2320001699,93946.95672549384,0.4118620574253595,0.521774364158565,0.24082812303656906,0.3600905719536488,0.4884396400016001,0.39498726567728293,0.3231835861178218,0.4956201848060577,0.6347350310706403,0.5550164411164283
2023-03-20,143684.0,90316.0,53591.0,115462.0,83731.0,126896.0,113106.0,96619.0,58467.0,83530.0,0.0,1025.381611522289,35.767534539408416,130018.0,0.0,3657291.0,3657291.0,3566.0,0.663971810886054,-0.345513088790929,-0.9922214628300854,0.0681708312705372,-0.5369891205654853,0.3177767841901013,-0.0241803222421479,-0.3162406473485715,-0.9575451953794828,-0.6038700812955403,1,283664.7398350169,261456.1279783853,144100.5453663895,243583.82366796557,250080.1770052016,258974.29720814436,232215.2927340897,265608.24542573286,269263.8546115488,270917.93920010194,99112.20116269193,0.5086621658913857,0.4782809168084564,0.22449099195960326,0.42270883057598463,0.43720434973871547,0.47467683346378237,0.3951813448189331,0.4663518869972768,0.5051315971169629,0.4841500801062291
2023-03-27,30965.0,22368.0,123333.0,157301.0,159649.0,163254.0,47082.0,131453.0,168697.0,187296.0,15.0,1023.1963586988768,35.94167099278443,90510.0,0.0,4085901.0,4085901.0,3993.0,-1.5821274390355626,-1.6476636580259525,0.2651174566195602,0.9040630882397048,0.924116112571811,1.0194384506703171,-1.3117892886317457,0.3431089824145433,1.1309138661343856,1.426897688707036,1,201163.8439010101,179241.6767870312,209793.32721983368,303451.2942007793,309697.10620312096,318638.5783248866,186411.1756404538,290817.9472554397,330255.3127669293,349846.76352006115,97328.58038292632,0.34238258955776163,0.3011150025706219,0.38025622796723846,0.5319207294682514,0.5436660882951382,0.5776851597902064,0.29629491701914495,0.5116363515029844,0.6056051468265479,0.6101487719740756
2023-04-03,44538.0,97575.0,134821.0,67915.0,28070.0,107833.0,49241.0,39816.0,53893.0,27788.0,0.0,1047.9863470343428,36.0,230005.0,0.0,3384998.0,3384998.0,3230.0,-1.3116645612670756,-0.2064021365616208,0.4722280858908391,-0.8817603129277709,-1.6082314923568266,-0.0501140884682504,-1.2696841789983526,-1.3914268740074167,-1.0442059206572152,-1.6947770935681885,1,165236.30634060607,205120.0060722187,260696.99633190015,249985.7765204676,213888.26372187256,299016.146994932,161087.70538427227,214306.76835326385,252046.1876601576,237696.0581120367,90859.57725634136,0.25995917655819145,0.3607123629321278,0.4865060291679857,0.43541843406423064,0.36235170999799887,0.5464055893539831,0.23920994854583522,0.3626168640603868,0.47212101481591134,0.41944131111150046
2023-04-10,128066.0,26655.0,56395.0,24632.0,146161.0,76276.0,195641.0,193312.0,96329.0,48082.0,15.0,967.540412890659,35.94167099278443,71826.0,0.0,3985028.0,3985028.0,4118.0,0.3527591662983996,-1.5655078993529885,-0.9416697389027988,-1.7465019309969525,0.6645283022428264,-0.6591227580627322,1.5854283964202391,1.513996872048709,-0.2401974952339862,-1.2976103807293755,1,227207.78380436363,149727.00364333123,212813.1977991401,174623.46591228055,274493.9582331235,255685.6881969592,292293.62323056336,321896.0610119583,247556.71259609453,190699.634867222,88131.82118713777,0.39910298508452235,0.23114863655385837,0.3870149934218102,0.273423607789306,0.4834509123889046,0.46830773892806177,0.5086501239269188,0.5620820554965199,0.4631725550136226,0.3174200541685865
2023-04-17,133252.0,90031.0,149695.0,124592.0,28666.0,39541.0,31745.0,157348.0,51007.0,143287.0,15.0,1015.5488049220444,35.767534539408416,118026.0,0.0,3778741.0,3778741.0,3720.0,0.4560981837674465,-0.3509748082268504,0.7403829866377926,0.2505771102477714,-1.5967609752337488,-1.3680600295889638,-1.6108935343229678,0.8332582234639737,-1.0988851627104586,0.5656130792006141,1,269576.67028261814,179867.20218599873,277382.91867948405,229366.07954736837,193362.3749398741,192952.4129181755,207121.173938338,350485.636607175,199541.02755765672,257706.78092033323,90153.3864903973,0.4831992566699918,0.30258331279978057,0.5175156464131331,0.3936615571834605,0.31713990066125697,0.33404422803387673,0.34201990182054703,0.6034349940316526,0.35920491672292104,0.45923866029575805
2023-04-24,159182.0,107922.0,173772.0,154668.0,77761.0,114457.0,46029.0,99530.0,190604.0,109570.0,15.0,1029.0927938808286,35.48012994148333,171668.0,0.0,4291969.0,4291969.0,4170.0,0.9727932711126812,-0.008112975145909,1.174453549047662,0.8514589554306076,-0.6518867501372556,0.0777204150458303,-1.3323250368688753,-0.2611402634638489,1.5459721321289817,-0.0942504300526757,1,320928.0021695709,215842.32131159923,340201.75120769045,292287.647728421,193778.42496392445,230228.4477509053,170301.7043630028,309821.3819643049,310328.61653459404,264194.0685521999,98079.82797266846,0.569913844053309,0.3845292082932821,0.6173631512948847,0.5132197684482066,0.3180715666384933,0.4166130320314811,0.26003809366827846,0.5431798666949098,0.5755195251667965,0.47160932543447814
2023-05-01,178338.0,144046.0,54620.0,129779.0,56368.0,64813.0,164097.0,174571.0,74253.0,121015.0,0.0,973.0311837475256,35.08364820522568,206590.0,0.0,3372052.0,3372052.0,3465.0,1.3545060012779462,0.6841647543390792,-0.9736702060821618,0.3542070520938736,-1.0636128790198156,-0.8803436085732861,0.970253047519938,1.159260941308899,-0.6584576988262947,0.1297356263403575,1,370894.80130174255,273551.39278695954,258741.05072461427,305151.58863705257,172635.05497835466,202950.0686505432,266278.0226178017,360463.829178583,260450.1699207564,279531.44113132,111190.5510919476,0.6389715050880647,0.5008787466393696,0.48274408655084083,0.5347020956054869,0.27017806759342117,0.35688336501273826,0.46211479183285753,0.6167892096867869,0.4884937019067233,0.49979417245362623
2023-05-08,118806.0,164475.0,148148.0,157240.0,157855.0,188270.0,143395.0,128856.0,32323.0,103588.0,15.0,991.6947578807049,34.58387092714925,74045.0,0.0,4137416.0,4137416.0,4172.0,0.1682394397724885,1.075664636291488,0.7124930020031592,0.9028443825422664,0.8895890861979826,1.5022144077820692,0.5665198471352682,0.2939520957952974,-1.452879257832704,-0.2113220411792047,1,341342.88078104553,328605.83567217574,303392.63043476857,340330.9531822315,261436.0329870128,310040.04119032586,303161.813570681,345134.2975071497,188593.10195245384,271306.864678792,121929.5608841572,0.5998502073889451,0.5915203270914768,0.5620162515779165,0.5883749730478622,0.45916620556133697,0.5642837171573286,0.5268789719742738,0.5960482330662148,0.3336610441921002,0.4848666687279511
2023-05-15,157982.0,52097.0,40559.0,128099.0,61914.0,159892.0,165360.0,91635.0,131335.0,167603.0,0.0,930.000885031248,33.98808598536881,231948.0,0.0,3527961.0,3527961.0,3793.0,0.948881427502412,-1.0779392471119005,-1.2271679914393565,0.3206426984595085,-0.9568754831060738,0.9545562645570412,0.9948842441234468,-0.4105794701865851,0.4230393541478016,1.0414929347928374,1,362787.7284686273,249260.50140330545,222594.57826086116,332297.57190933893,218775.61979220767,345916.0247141955,347257.08814240864,298715.57850428985,244490.8611714723,330387.1188072752,131655.98456570052,0.6287135364318355,0.45450940590406264,0.40854043490560343,0.5767574298809378,0.37285556226442895,0.6171703675469405,0.5936842446493275,0.5250147601650644,0.4569814774234873,0.5826052026557598
2023-05-22,130989.0,162038.0,113396.0,27561.0,147738.0,44070.0,109186.0,127803.0,132356.0,108340.0,15.0,1036.2743078050294,33.304981265926365,140102.0,0.0,4056891.0,4056891.0,3914.0,0.4110044320257471,1.0289621441323995,0.0859689257117697,-1.6879840787379907,0.694878982617145,-1.280656275601151,-0.1006286917478916,0.2740205587871858,0.4423836043683011,-0.1183223260215207,1,348661.6370811764,311594.3008419833,246952.74695651667,226939.54314560333,279003.37187532464,251619.6148285173,317540.25288544514,307032.3471025739,279050.5167028834,306572.2712843651,137462.96148323914,0.6099899318516695,0.5656045866260923,0.45951071030163937,0.38859590229086,0.49159296603909375,0.46033351258607436,0.5499071171560336,0.5386887841052859,0.5229661346449065,0.5458345086042458
2023-05-29,110982.0,144862.0,41732.0,102152.0,87526.0,162194.0,157612.0,55946.0,130944.0,114439.0,20.0,991.3800719072052,32.54451797384925,101919.0,0.0,4098306.0,4098306.0,4133.0,0.0123342194335329,0.6998025194608749,-1.2060206404526563,-0.1977467561541053,-0.4639511801593097,0.9989818423181244,0.8437817015391351,-1.086112826580218,0.415631321007532,0.0010390508191179,1,320178.9822487058,331818.58050518995,189903.64817391,238315.725887362,254928.0231251948,313165.7688971104,348136.1517312671,240165.40826154436,298374.31002173,298382.36277061905,138163.91472068615,0.5687679912075577,0.596213539785706,0.33455094026132887,0.4120753248585825,0.4466744358821736,0.5692098974161199,0.5949034100491681,0.4167364013508527,0.5562215196096609,0.5323792873386161
2023-06-05,141626.0,138834.0,111362.0,145036.0,196837.0,100559.0,117768.0,75204.0,165282.0,195929.0,15.0,1032.26256706724,31.71778537635016,149441.0,0.0,4040629.0,4040629.0,3914.0,0.6229629990944422,0.5842823624091777,0.049299094589052,0.6590233279269143,1.6398301910500346,-0.1904927386133929,0.0667386314914686,-0.7215909465211359,1.0662119910090126,1.5958510853729213,1,333733.38934922346,337925.148303114,225304.188904346,288025.4355324172,349793.8138751169,288458.4613382662,326649.69103876024,219303.2449569266,344306.586013038,374958.4176623714,137524.97029178048,0.5889801358979926,0.6049622665288178,0.4144003783817912,0.505877770243863,0.6031502797694345,0.5285352454484998,0.5638649592723268,0.3733363482735862,0.6253240707560052,0.6425794582928275
2023-06-12,139176.0,113848.0,181426.0,144049.0,39956.0,61786.0,61846.0,35563.0,36456.0,161214.0,5.0,1008.2419807151804,30.83683909634028,208175.0,0.0,3724687.0,3724687.0,3694.0,0.574142985056809,0.1054524612655636,1.3124431692115173,0.6393042701667249,-1.3794755082546388,-0.938760734499784,-1.023859766340215,-1.4719290837847183,-1.3745738845111326,0.9164560702847476,1,339416.03360953403,316603.08898186835,316608.51334260753,316864.26131945034,249832.2883250701,234861.07680295967,257835.81462325613,167144.94697415596,243039.9516078228,386189.0505974229,136578.6621466965,0.5971295923818771,0.5734237338383696,0.5828844003629504,0.5533861143959367,0.4367163678193979,0.4263280273752271,0.4461428142536517,0.25709579546896894,0.4540290086188662,0.6560185133070263
2023-06-19,151278.0,72921.0,33843.0,46734.0,66240.0,157809.0,95932.0,112324.0,51367.0,135053.0,15.0,992.5933908410052,29.91452531430046,217260.0,0.0,3581124.0,3581124.0,3607.0,0.8152939278663746,-0.6788696136605827,-1.3482469421867371,-1.304930892885799,-0.8736180047932633,0.9143570992762696,-0.3591099900716486,-0.0189711423985308,-1.0920644672360416,0.4044683707392567,1,354927.6201657204,262882.853389121,223808.1080055645,236852.55679167015,216139.37299504207,298725.64608177583,250633.4887739537,212610.9681844936,197190.97096469367,366766.4303584537,136984.40180814773,0.6184309701868045,0.4809974028393626,0.41117053720085134,0.4090945362614914,0.3672036266415467,0.5459237350122326,0.43218782116926885,0.3589526129370596,0.3537693987726838,0.6323699766358621
2023-06-26,142409.0,146141.0,134065.0,157443.0,141008.0,56062.0,168554.0,29847.0,74624.0,68355.0,10.0,936.2878880259004,28.964293442042585,186917.0,0.0,3668820.0,3668820.0,3918.0,0.6385654770501429,0.7243131831750622,0.4585985911372626,0.9069000752730856,0.5653545191300404,-1.0492264196016257,1.0571740635625655,-1.5801234480186843,-0.6514285932123816,-0.9008546514802742,1,355365.57209943223,303870.7120334726,268349.8648033387,299554.53407500207,270691.62379702524,235297.3876490655,318934.0932643722,157413.58091069612,192938.5825788162,288414.8582150722,138034.4877666043,0.6190127868250289,0.5532326451363127,0.5009691481613993,0.5254797959236545,0.47648772068239237,0.4272361357233712,0.5520742808320679,0.2348566490698303,0.34386608652765094,0.5154318430112048
2023-07-03,43419.0,42677.0,91726.0,46069.0,188220.0,71571.0,43411.0,46155.0,161178.0,160938.0,15.0,943.4018955713424,28.000000000000004,217746.0,0.0,3559117.0,3559117.0,3772.0,-1.3339623554336515,-1.2584634474149838,-0.3047072003596624,-1.3182167828660685,1.473988838617883,-0.7499230809844941,-1.3833816265030685,-1.2714401569186993,0.9884560626006582,0.9110545716771042,1,256638.34325965933,224999.4272200836,252735.91888200323,225801.72044500124,350634.97427821514,212749.4325894393,234771.4559586233,140603.14854641765,276941.1495472897,333986.91492904327,131720.8258281759,0.4586947924067588,0.4043750694409651,0.4710284129705672,0.3862101671522273,0.6042995196010073,0.37880891543485057,0.4004264045545614,0.19671424557095757,0.5191789907951527,0.5878660666478193
2023-07-10,70015.0,75609.0,37640.0,32910.0,114270.0,45510.0,98797.0,99671.0,88008.0,145426.0,5.0,902.945870008686,27.035706557957425,168325.0,0.0,3369177.0,3369177.0,3759.0,-0.8039961948847174,-0.6273569756123144,-1.2797929850712213,-1.5811175742200032,0.0507594069876627,-1.2528661661415683,-0.3032363730731905,-0.2584713681949565,-0.3978502925746095,0.6074746934098494,1,223998.0059557956,210608.65633205013,189281.55132920196,168391.03226700073,324650.98456692905,173159.65955366357,239659.873575174,184032.8891278506,254172.6897283738,345818.148957426,121452.2854808806,0.3922987654651182,0.37297836513149707,0.33309155070261826,0.25922361675747235,0.566951095401783,0.2877352429557189,0.4103612203827691,0.2955431698038112,0.47631059971666845,0.6046248800283694
2023-07-17,142096.0,51024.0,72528.0,93479.0,24757.0,39426.0,72307.0,136891.0,145926.0,84027.0,5.0,977.4954606868538,26.085474685699552,69337.0,0.0,3403577.0,3403577.0,3481.0,0.6323284711751309,-1.098502141689948,-0.6508170419987651,-0.3710227317915152,-1.6719929407272245,-1.3702793786083056,-0.8198479312893004,0.4460412694516857,0.6994859310011887,-0.5941434696723566,1,276494.8035734773,177389.19379923007,186096.93079752117,194513.6193602004,219547.59074015744,143321.79573219814,216102.9241451044,247310.73347671036,298429.6138370243,291517.88937445555,114935.01747834196,0.49586261703604056,0.29676057803532496,0.3255961623330105,0.3183030998792613,0.37450434148427053,0.21675935697520482,0.36137431994024705,0.43105453888976986,0.5563130127189201,0.5207755023741533
2023-07-24,127059.0,90313.0,58413.0,101264.0,39097.0,57265.0,154165.0,103310.0,135395.0,179210.0,0.0,1091.12994812725,25.16316090365972,203385.0,0.0,3146033.0,3146033.0,2902.0,0.3326931442021153,-0.3455705805744651,-0.9052883626955008,-0.2154879145036983,-1.3960076797457863,-1.0260100989905991,0.7765578419252834,-0.1895911562552431,0.4999616419981718,1.2686494360207918,1,292955.8821440864,196746.51627953805,170071.15847851266,217972.17161612023,170825.55444409445,143258.07743931888,283826.75448706263,251696.44008602615,314452.76830221456,354120.73362467333,111902.88641822174,0.5247572592284394,0.34172157737719006,0.287353419167758,0.3696192404805214,0.26604284897678737,0.2166084038536084,0.4939538700769407,0.43969657218391567,0.58195677436561,0.6159097653231815
2023-07-31,130687.0,147813.0,72638.0,43275.0,161467.0,168922.0,42042.0,169381.0,136492.0,112601.0,20.0,948.48210441928,24.28221462364985,208015.0,0.0,3972588.0,3972588.0,4188.0,0.404986618050496,0.7563552705324672,-0.6488339144552553,-1.3740374995651257,0.9591050389640186,1.128823409293175,-1.4100800494248449,1.061022881411369,0.520745816818826,-0.0349317986042455,1,306460.52928645187,265860.9097677228,174680.6950871076,174058.30296967214,263962.3326664567,254876.84646359133,212338.0526922376,320398.8640516157,325163.6609813287,325073.44017480395,112393.53641478396,0.547170300145722,0.48662382216968597,0.29842960319482165,0.2721374831011726,0.4639461301707569,0.4667302076704115,0.35330237069522086,0.5597856636018615,0.5981591696795634,0.574699028640081
2023-08-07,107939.0,115285.0,130133.0,92274.0,167313.0,86150.0,72930.0,151691.0,92240.0,49956.0,15.0,902.945870008686,23.455482026150765,127949.0,0.0,3954117.0,3954117.0,4419.0,-0.0483022306548414,0.1329910255793142,0.3877107956728938,-0.3950971640114021,1.0716161851074977,-0.4685675213933431,-0.8076981011357091,0.72618063100919,-0.3176692279975734,-1.2609349880093628,1,291815.3175718711,274801.5458606337,234941.41705226456,196708.98178180328,325690.39959987404,239076.1078781548,200332.83161534253,343930.3184309694,287338.1965887972,245000.0641048824,113531.513751926,0.5228112267663414,0.5031585423846574,0.4348637216410221,0.3231934008143029,0.5685200240050595,0.4350507644063874,0.327183054503157,0.5943643179089168,0.5375450396091976,0.4342490074055359
2023-08-14,169213.0,166410.0,126357.0,120776.0,123892.0,107312.0,195485.0,54707.0,84315.0,124797.0,0.0,1038.5067567834212,22.69501873407364,50276.0,0.0,3476116.0,3476116.0,3347.0,1.1726763571581904,1.112746836672217,0.3196354356338662,0.174338078421142,0.2359428226894339,-0.0601687044602244,1.5823860633480715,-1.1095650339430387,-0.4678192603163378,0.2037518137827735,1,344302.19054312265,331290.9275163802,267321.8502313587,238801.38906908195,319306.2397599244,250757.6647268929,315684.6989692055,261065.1910585816,256717.91795327832,271797.0384629294,119066.54187257592,0.6039869678880432,0.595447044535295,0.4990500351249099,0.41306211210589905,0.5587824714876151,0.45862903741427175,0.5470043150417504,0.4577756053726014,0.4812835843604348,0.48576843191805674
2023-08-21,125878.0,133632.0,170159.0,68447.0,178768.0,109613.0,117883.0,171409.0,30756.0,144917.0,20.0,1094.5487147718682,22.011914014631188,101151.0,0.0,3865353.0,3865353.0,3531.0,0.309159904782342,0.4845916097577297,1.1093168234594717,-0.8711316009435552,1.2920772147129629,-0.0157624253862661,0.0689813770254381,1.099409545278843,-1.4825682295227365,0.597513234021116,1,332459.3143258736,332406.5565098281,330552.11013881525,211727.83344144915,370351.7438559546,260067.5988361357,307293.8193815233,328048.11463514896,184786.750771967,307995.22307775763,124082.1133154388,0.5871269767795247,0.5970656771436127,0.6036799407505443,0.35618019023790376,0.6301423131321211,0.4767782536784497,0.533622918264227,0.5713789533003916,0.32465699124840064,0.5481294366322726
2023-08-28,184899.0,170580.0,192502.0,185601.0,90480.0,94910.0,53756.0,101537.0,56378.0,146303.0,15.0,1011.916842610392,21.416129072850755,198683.0,0.0,4023912.0,4023912.0,3976.0,1.4852440062170933,1.1926604157872764,1.5121260844107411,1.469462616723355,-0.4070989862304974,-0.2995110221808812,-1.1816320391212014,-0.2231510946364225,-0.9971241755074196,0.6246381509421072,1,384374.5885955242,370023.9339058969,390833.2660832892,312637.7000648695,312691.0463135728,250950.5593016814,238132.291628914,298365.8687810894,167250.05046318017,331100.13384665456,132192.19664256426,0.6552734583823565,0.6474094217286661,0.6804532396247048,0.5467392920926534,0.5484356885972463,0.4590109050556159,0.4072703853332255,0.5244304935753367,0.2825441823755589,0.5836533043844253
2023-09-04,82623.0,23051.0,175576.0,146394.0,66163.0,72375.0,73268.0,198686.0,155327.0,156511.0,10.0,1011.5492957887984,20.91635179477432,193016.0,0.0,3475430.0,3475430.0,3435.0,-0.5527624246861551,-1.6345746953075866,1.206976840761223,0.6861545137813595,-0.8750999340188959,-0.734406936536227,-0.8011063794793464,1.6157177456304674,0.8776008147650631,0.8244153168363915,1,313247.7531573145,245065.3603435381,410075.9596499735,333976.6200389217,253777.62778814367,222945.33558100884,216147.3749773484,377705.5212686536,255677.03027790808,355171.0803079928,134200.7077888593,0.5580014299548114,0.4461066450785258,0.7009819561860701,0.5792161779544905,0.4444398311345072,0.40107598855354243,0.36146925639546135,0.6386220826716879,0.47925533090923417,0.6173100587258085
2023-09-11,95450.0,199819.0,158186.0,95703.0,39816.0,141826.0,190286.0,111155.0,165556.0,198313.0,15.0,987.60471705425,20.51987005851668,102887.0,0.0,3773356.0,3773356.0,3820.0,-0.2971647430287187,1.752994502057113,0.8934624045645361,-0.3265899207898319,-1.3821699250285162,0.6059061829620256,1.480994463077571,-0.0410983662945255,1.0714032981200967,1.6425075081287963,1,283398.6518943887,346858.2162061229,404231.5757899841,296088.972023353,192082.5766728862,275593.20134860533,319974.424986409,337778.3127611922,318962.2181667448,411415.6481847956,131489.67572412474,0.5081930607626427,0.6173624658697481,0.694929870160388,0.5196734769978956,0.31427068270757774,0.5057534204357863,0.5536843637552556,0.5856323287088269,0.5888682815538491,0.6839869140149781
2023-09-18,113426.0,134692.0,98859.0,96090.0,72853.0,55435.0,179674.0,20281.0,145703.0,62533.0,5.0,928.2297107795976,20.232465460591587,131442.0,0.0,3239381.0,3239381.0,3489.0,0.0610346742531147,0.5049053732737879,-0.1761103933791582,-0.3188581321847727,-0.7463453038957563,-1.0613266964288188,1.2740378056298791,-1.761191902928082,0.6952608890823136,-1.0147949590661405,1,283465.1911366332,342806.92972367373,341397.9454739904,273743.3832140118,188102.54600373167,220790.9208091632,371658.65499184537,222947.98765671533,337080.33090004686,309382.3889108774,126912.91328732709,0.5083104101405069,0.6117966769586839,0.6190200685420251,0.48045915683818824,0.3053171163135495,0.39641992381358887,0.6259867345226542,0.381080612696074,0.6153331307943299,0.5503545116845396
2023-09-25,137845.0,107235.0,119657.0,37260.0,175989.0,116443.0,68901.0,178492.0,76549.0,179342.0,5.0,941.971523290261,20.05832900721557,99847.0,0.0,3449056.0,3449056.0,3661.0,0.5476207651857521,-0.0212785935756562,0.1988449398019052,-1.494209872845308,1.2385930417514974,0.1160476076755049,-0.8862722033649543,1.233478943786397,-0.6149568188005682,1.2712327614418386,1,307924.11468197993,312919.15783420426,324495.76728439424,201506.02992840708,288850.52760223905,248917.5524854979,291896.1929951072,312260.7925940292,278797.19854002807,364971.43334652646,123918.44135636576,0.5495302213435757,0.5676883177900425,0.5947985419094596,0.3338224833688971,0.508933963434802,0.45497390991051395,0.5079700017426879,0.5470692910257468,0.5225129747495226,0.630085891754993
2023-10-02,173371.0,183165.0,162047.0,132581.0,116731.0,154055.0,119986.0,190102.0,185575.0,98815.0,10.0,987.3298668240592,20.0,108653.0,0.0,4203322.0,4203322.0,4257.0,1.2555308952677733,1.4338384477208546,0.9630701813417304,0.4101875990483326,0.0981234047056069,0.8419098278101075,0.1099943670944634,1.453236915927115,1.450690805626639,-0.3047327399266008,1,358125.468809188,370916.4947005225,356744.46037063655,253484.61795704425,290041.3165613434,303405.5314912987,295123.7157970644,377458.4755564175,352853.3191240168,317797.8600079159,125954.52337914697,0.622655029155255,0.6485085673298,0.6395318599704373,0.4422639023977511,0.5109901614288103,0.5536189201145296,0.5134656241348794,0.6383200316437414,0.6367413594869096,0.5635981923583976
2023-10-09,63585.0,190806.0,31023.0,23812.0,172638.0,171734.0,183268.0,152130.0,93794.0,59279.0,0.0,979.6617863988102,20.05832900721557,106622.0,0.0,3535648.0,3535648.0,3609.0,-0.9321238235630768,1.580270020387082,-1.399087121029443,-1.7628845321756306,1.1741002516853327,1.1830913174878603,1.3441284791001964,0.7344901701797132,-0.288226559199673,-1.0784778448243697,1,278460.2812855128,413355.89682031353,245069.6762223819,175902.77077422655,346662.789936806,353777.3188947792,360342.2294782386,378605.08533385047,305505.99147441005,249957.71600474956,123692.27326596696,0.4994042255967053,0.6961759927298141,0.455711013074139,0.27633341290747915,0.5988380542828761,0.6277317670735113,0.611398526544356,0.639719345073178,0.5678494598641561,0.4441171161165179
2023-10-16,129225.0,93523.0,41447.0,179096.0,82823.0,43510.0,148386.0,96260.0,65113.0,129787.0,20.0,995.3930828892024,20.232465460591584,77810.0,0.0,3940863.0,3940863.0,3959.0,0.3758540219186513,-0.2840543721909302,-1.2111587436335682,1.3395006402998164,-0.55446433792749,-1.2914635403909889,0.6638550033095454,-0.323035919699865,-0.8316275783712168,0.3014093429571934,1,296301.1687713077,341536.5380921881,188488.80573342915,284637.6624645359,290820.67396208365,255776.3913368675,364591.3376869431,323423.05120031023,248416.59488464604,279761.6296028497,122326.69746927563,0.5304171024821931,0.6100316594018501,0.3312295242367032,0.49996214980871123,0.5123311572810748,0.46848437129816595,0.6169542511871872,0.5644104503041425,0.46489731172830306,0.5002057428512847
2023-10-23,84044.0,114476.0,145899.0,136148.0,171878.0,192070.0,25626.0,179476.0,94069.0,174960.0,15.0,1033.1729929571263,20.51987005851668,127842.0,0.0,4389748.0,4389748.0,4248.0,-0.524446816544328,0.1174874079524358,0.6719470579544905,0.4814519141755827,1.1594734177699986,1.5755494188559682,-1.7302270988652244,1.2521044256629232,-0.2830163057122711,1.185474185721937,1,261824.7012627846,319397.9228553128,258992.28344005748,306930.5974787215,346370.4043772502,345535.83480212046,244380.80261216583,373529.8307201861,243118.9569307876,342816.97776170983,118373.14138210771,0.4686453070216184,0.5777177336129536,0.48322877975111217,0.5375933912019025,0.5984325799559912,0.6166505857750801,0.4198331379846767,0.6334751917563544,0.4541901489427648,0.6004500240220795
2023-10-30,193629.0,37019.0,43959.0,178357.0,21759.0,114071.0,158496.0,180928.0,156321.0,168702.0,5.0,976.7264867233192,20.91635179477432,172225.0,0.0,3569738.0,3569738.0,3654.0,1.6592026684818022,-1.366892951163906,-1.1658713219126895,1.3247363204570808,-1.7296919513563984,0.0702711218156922,0.8610215889480834,1.2795883684319431,0.8964335128249814,1.0630010759877648,1,350723.8207576708,228657.75371318767,199354.37006403448,362515.35848723294,229581.2426263501,321392.50088127225,305124.4815672995,405045.89843211166,302192.3741584726,374392.1866570259,121017.35268263258,0.6127921531485134,0.4121677205064181,0.35651128358146517,0.6185853937265309,0.39566396623964384,0.5818784014161653,0.5300950513905279,0.6702154512695913,0.5624893611148533,0.6418849748860399
2023-11-06,129556.0,103613.0,86203.0,136421.0,193021.0,26640.0,32857.0,160272.0,170273.0,81063.0,0.0,1033.9886702561844,21.41612907285075,60503.0,0.0,3683431.0,3683431.0,3562.0,0.3824497054478172,-0.0906903402314703,-0.4042782314760685,0.4869061216411671,1.5663880881277774,-1.617032392184851,-1.5892071601162363,0.8886046757068212,1.1607733552112782,-0.6521508677631344,1,339990.29245460243,240807.6522279126,205815.6220384207,353930.2150923398,330769.7455758101,219475.5005287633,215931.6889403797,403299.539059267,351588.4244950835,305698.31199421553,124475.125759328,0.5979426646635443,0.4374624407873198,0.3712763533933745,0.6072134634075507,0.5760956732930834,0.3935639239781528,0.3610085208112003,0.6683026113720694,0.6350784308516778,0.544418728823731
2023-11-13,22693.0,106672.0,139156.0,21605.0,112374.0,64547.0,171054.0,84178.0,145541.0,147896.0,10.0,976.9884116038892,22.01191401463118,134761.0,0.0,3622585.0,3622585.0,3707.0,-1.7469597476556855,-0.0320678849525815,0.5503813395373393,-1.806977703884585,0.0142693055357236,-0.885477059348459,1.1059294012575551,-0.5517280660740385,0.692191576118826,0.6558141918188308,1,226687.17547276145,251156.59133674757,262645.3732230524,233963.12905540387,310835.84734548605,196232.300317258,300613.01336422784,326157.7234355602,356494.05469705013,331314.9871965293,119535.32542092378,0.39800322182786757,0.458269599645455,0.4902269625929087,0.403173766269451,0.5454866042892753,0.34158503708554755,0.522667893683455,0.568545932148009,0.6414765807642456,0.583968539635414
2023-11-20,115259.0,93847.0,180775.0,92303.0,153554.0,74620.0,153052.0,53997.0,29686.0,186216.0,5.0,1041.5295837146302,22.69501873407363,218048.0,0.0,3611842.0,3611842.0,3467.0,0.0975600153678009,-0.2778452595690407,1.300706659840382,-0.3945177793355707,0.8068127537376503,-0.6910813839412525,0.754851965583474,-1.1230041519637028,-1.5028408521828092,1.4057613898075625,1,251271.30528365687,244540.9548020485,338362.22393383144,232680.8774332423,340055.5084072916,192359.3801903548,333419.80801853666,249691.6340613361,243582.43281823007,385004.9923179175,114514.8315944188,0.4482194496317314,0.4450482584682393,0.6147983555916464,0.4005318289971048,0.5895580514807626,0.33267608597003556,0.5739268728943531,0.4357600826643612,0.45513459906009796,0.6546313235464544
2023-11-27,45939.0,102750.0,29337.0,178211.0,44442.0,166389.0,199362.0,176683.0,73363.0,117661.0,10.0,1003.454702682937,23.455482026150754,176439.0,0.0,3654638.0,3654638.0,3642.0,-1.283747483852086,-0.1072288099619969,-1.4294830577417843,1.321819418295999,-1.2931386964859686,1.079939834806284,1.6579958410454616,1.1992375853365644,-0.6753199737491591,0.0640956758692143,1,196701.7831701941,249474.5728812291,232354.33436029885,317819.52645994537,248475.30504437492,281804.6281142129,399413.884811122,326497.9804368017,219512.45969093803,348663.99539075047,105196.1067506372,0.3323542317918037,0.4549351149414291,0.4294293974234624,0.5548735783461649,0.43403867289300785,0.5168913203701571,0.6590542783601072,0.5690574029600223,0.4041895946445575,0.6085364787377366
2023-12-04,199997.0,48251.0,66427.0,96125.0,184791.0,135608.0,46431.0,139273.0,117543.0,158051.0,15.0,982.5667863631396,24.28221462364984,61590.0,0.0,4361900.0,4361900.0,4439.0,1.7860948519069644,-1.15164371360507,-0.7608085069347045,-0.3181588748173902,1.407994873491987,0.4859069464205772,-1.324485178567521,0.4911285639942516,0.1617309319723569,0.8545541134152705,1,318018.06990211643,197935.74372873743,205839.6006161793,286816.7158759672,333876.18302662496,304690.77686852776,286079.3308866732,335171.788262081,249250.4758145628,367249.3972344503,105400.35327888608,0.5654430177335148,0.3444379206689483,0.37133074349754636,0.503775267803652,0.5806546549385265,0.5557072139876347,0.49790614783099785,0.5818677195888264,0.46656502069610933,0.632981626189217
2023-12-11,194013.0,123481.0,81529.0,164990.0,113501.0,27564.0,104976.0,192307.0,151733.0,177261.0,20.0,1002.7717624219556,25.16316090365971,191958.0,0.0,4320651.0,4320651.0,4308.0,1.6668544584370883,0.2900585781997041,-0.4885431236430216,1.0576799424627008,0.0359593605654363,-1.5992004052816189,-0.1827326804262541,1.4949738951321352,0.8095075382787995,1.2305062447660935,1,384823.8419412698,242242.4462372425,205032.7603697076,337080.0295255803,313826.70981597493,210378.46612111665,276623.59853200393,393410.0729572485,301283.2854887377,397610.63834067015,113989.37563409656,0.6558009949398823,0.4403884025117456,0.36949892111551175,0.5837180628587609,0.5502307019179906,0.373549136929893,0.48110942101883025,0.6572051168198121,0.5610059142887198,0.6690504668488663
2023-12-18,172906.0,132566.0,122023.0,178518.0,22079.0,178417.0,102711.0,186129.0,195915.0,193672.0,5.0,988.2584463136972,26.08547468569954,193938.0,0.0,3999170.0,3999170.0,4046.0,1.246265055868794,0.4641628626745994,0.2415002104195798,1.3279529043470408,-1.723533284444679,1.312064443542299,-0.2269050163779147,1.3780346400171175,1.6465963367529513,1.5516801348024472,1,403800.3051647618,277911.4677423455,245042.6562218245,380766.01771534816,210375.0258895849,304644.07967267,268685.15911920235,422175.0437743492,376684.97129324265,432238.3830044021,126637.4325481625,0.6771941514042319,0.5087843883694698,0.4556563159436999,0.641477961264529,0.35473375579592514,0.5556315276516379,0.46659155094085736,0.6882603801549182,0.6664032420040539,0.7049332744496026
2023-12-25,38047.0,45945.0,104665.0,144040.0,153789.0,133824.0,46385.0,152311.0,115673.0,143257.0,5.0,1004.5253695071988,27.0357065579574,116624.0,0.0,3676649.0,3676649.0,3660.0,-1.4410077086622903,-1.1958357312164194,-0.0714373159462678,0.6391244611293979,0.8113355247509444,0.4514780885900941,-1.3253822767811088,0.7379161988582205,0.1263012082580238,0.5650259597867399,1,280327.18309885706,212691.8806454073,251690.59373309472,372499.61062920885,280014.015533751,316610.447803602,207596.0954715214,405616.0262646095,341683.9827759456,402600.0298026413,129742.99958013944,0.5027451974457824,0.3775935610102555,0.46896357115387705,0.6313206411521535,0.4934004519706805,0.5745665138011607,0.3430514931695593,0.6708369340150937,0.621734337791379,0.6745494179241189
2024-01-01,46105.0,110852.0,125787.0,164118.0,79676.0,99273.0,189230.0,146945.0,62828.0,106205.0,15.0,1030.3242479406988,28.0,249971.0,0.0,3560305.0,3560305.0,3455.0,-1.2804396788193324,0.0480373334409311,0.3093592292720427,1.0402584446239114,-0.6150309778374332,-0.2153108502557703,1.4604002084352077,0.6363467519583849,-0.8749200482574473,-0.1601056576422394,1,214301.30985931423,238467.1283872444,276801.3562398568,387617.7663775253,247684.4093202506,289239.2686821612,313787.65728291287,390314.61575876566,267838.3896655673,347765.0178815847,123763.19414131246,0.37141109906547104,0.43266134661666517,0.5164674556811325,0.6496392811381495,0.4324730427158484,0.529882217602749,0.5440155812972899,0.6536370768343197,0.5024777590016167,0.6073057775889874
2024-01-08,95766.0,52217.0,182993.0,175890.0,179024.0,94859.0,174091.0,65272.0,68604.0,26910.0,0.0,996.511376063374,28.96429344204259,213864.0,0.0,3799199.0,3799199.0,3812.0,-0.2908679575446811,-1.0756395757704598,1.3406937224904252,1.2754486654475696,1.297004148242339,-0.3004952552242414,1.1651573854894286,-0.9095871721285096,-0.7654857786456891,-1.7119601217475755,1,224346.78591558852,195297.2770323466,349073.81374391407,408460.6598265151,327634.64559215034,268402.5612092967,362363.5943697477,299460.76945525943,229307.0337993404,235569.0107289508,114939.75484073604,0.39304084722054633,0.3384031954583125,0.6294505073332463,0.673092561419776,0.5714376551133663,0.49253526769982864,0.6140533012342029,0.5262572565924452,0.4253783774188846,0.4150699894755604
2024-01-15,166779.0,28308.0,53307.0,24324.0,193532.0,130017.0,38639.0,109393.0,30526.0,66857.0,20.0,985.2172458858488,29.914525314300448,190836.0,0.0,4055686.0,4055686.0,4116.0,1.1241751677020275,-1.533829926624645,-0.9973415375787834,-1.7526553958299191,1.57622270935243,0.3780079867063221,-1.4764458150952646,-0.0744500929880608,-1.486925896075836,-0.9301714808797292,1,301387.07154935313,145486.36621940797,262751.28824634844,269400.39589590905,390112.7873552902,291058.536725578,256057.1566218486,289069.46167315566,168110.22027960423,208198.4064373705,111566.77097981249,0.5388855210149254,0.22109454165167625,0.490428477745911,0.4724808485075781,0.65402809824648,0.5330048783103919,0.4427244167705761,0.5086223733711792,0.2846285832597284,0.35661882540105916
2024-01-22,173048.0,25949.0,178427.0,96323.0,110397.0,143618.0,105530.0,81212.0,88910.0,54964.0,5.0,955.0593518035668,30.83683909634028,170356.0,0.0,4159862.0,4159862.0,4355.0,1.2490946240293426,-1.5790376324117972,1.2583759010025544,-0.3142030759961971,-0.0237797084782445,0.6404894302895064,-0.1719284975930445,-0.6078695083969815,-0.3807606611359312,-1.1629251871866184,1,353880.2429296119,113240.81973164478,336077.7729478091,257963.2375375454,344464.6724131741,318253.1220353468,259164.2939731092,254653.6770038934,189776.13216776252,179883.0438624223,114914.72698843908,0.6170352379534083,0.14673641393033957,0.6115847662925247,0.4509207317278359,0.5957780368508984,0.5770944439504259,0.4486839827893877,0.4454598422286017,0.3364474276742457,0.2926725931252953
2024-01-29,64262.0,152222.0,147016.0,29111.0,92847.0,145341.0,41563.0,166470.0,45592.0,176299.0,20.0,1023.1671207716686,31.71778537635016,92727.0,0.0,4214477.0,4214477.0,4119.0,-0.9186335584596166,0.8408490284025623,0.6920848167372219,-1.657016966753904,-0.3615440969178708,0.6737410682053822,-1.4194215721272048,1.0059224975266463,-1.201479790471482,1.2116792822278586,1,276590.14575776714,220166.49183898687,348662.6637686854,183888.94252252724,299525.8034479045,336292.8732212081,197061.5763838655,319262.206202336,159457.67930065753,284228.8263174533,115182.89341707356,0.49603498825189984,0.3939601570460423,0.6289005752919883,0.2944389917726536,0.5270540759719305,0.6037530935034828,0.31997618182756826,0.5580333614251068,0.26360802107877906,0.508125888578867
2024-02-05,145117.0,120235.0,24835.0,189182.0,113607.0,49430.0,190413.0,140030.0,48982.0,157050.0,5.0,1013.930889056109,32.54451797384924,128471.0,0.0,3527727.0,3527727.0,3479.0,0.6925265374639838,0.2278524684137371,-1.5106470595679766,1.5410066347975584,0.0379994189799435,-1.177215312612704,1.4834712342324767,0.5054573137712132,-1.1372515747540546,0.8349638956389991,1,311071.0874546603,252334.8951033921,234032.59826121124,299515.3655135164,293322.4820687427,251205.72393272485,308649.9458303193,331587.3237214016,144656.6075803945,327587.295790472,117901.5508320298,0.5545591387165892,0.46059445902041485,0.43295969061162226,0.5254145829900331,0.5166104379473111,0.45951566996033705,0.5358140076913135,0.5766268187411485,0.22756164939570778,0.5784603782876218
2024-02-12,43776.0,94740.0,40159.0,36389.0,169521.0,47788.0,135672.0,76503.0,20207.0,37153.0,20.0,952.7222859628992,33.30498126592636,58068.0,0.0,3775000.0,3775000.0,3962.0,-1.3268485819595963,-0.2607318720031539,-1.2343793643248466,-1.511611391902172,1.1141109867983632,-1.2089037568714782,0.4159048579279062,-0.6970030390438928,-1.682433553299474,-1.5114979832037712,1,230418.65247279612,246140.9370620353,180578.55895672677,216098.2193081098,345514.4892412456,198511.4343596349,320861.9674981916,275455.394232841,107000.9645482367,233705.3774742832,114254.00908160668,0.40585240664556427,0.44827188124413403,0.3125177450287546,0.36560474390861125,0.597242868976165,0.3467980694600623,0.5550529632471836,0.48450753703500277,0.13881338630471549,0.41121851998228526
2024-02-19,181152.0,136352.0,198677.0,142177.0,184608.0,199615.0,156848.0,157710.0,108733.0,79765.0,10.0,1033.4197711168304,33.98808598536881,166923.0,0.0,4529075.0,4529075.0,4382.0,1.4105792745440275,0.5367174934970489,1.6234516533304963,0.601903990402718,1.4044728858518472,1.721158013211907,0.8288820703395463,0.8401102808209884,-0.0051866433876828,-0.677553567736761,1,319403.1914836777,284036.5622372212,307024.13537403604,271835.9315848659,391916.69354474737,318721.8606157809,349365.1804989149,322983.2365397046,172933.57872894203,219988.2264845699,115755.37044901944,0.567577575437599,0.5196753116068411,0.5678651117970728,0.47696929827640455,0.6561129201823135,0.5778126677990941,0.5966008338821939,0.5637412246877935,0.2962871576626272,0.38227460412449304
2024-02-26,148376.0,86617.0,141790.0,61427.0,84077.0,164991.0,187516.0,26570.0,144982.0,128212.0,5.0,952.0726386959066,34.58387092714924,188367.0,0.0,3919471.0,3919471.0,4116.0,0.7574671194022067,-0.4164004578908342,0.5978682299882923,-1.0113826500585807,-0.5303300619671885,1.0529602702059389,1.426973548911523,-1.642151602601383,0.6816005517571617,0.2705855737287944,1,340017.91489020665,257038.9373423327,326004.48122442164,224528.55895091957,319227.0161268484,356224.1163694685,397135.10829934897,220359.9419238228,248742.1472373652,260204.93589074197,119679.9725951533,0.5979817261195205,0.4697846434908961,0.5970325060987615,0.383532887320122,0.5586601115012587,0.630947349991816,0.6564782936612407,0.37558826217724944,0.46554896962656095,0.4640337781020617
2024-03-04,157848.0,36896.0,125616.0,179818.0,58258.0,89346.0,159783.0,88785.0,88619.0,59071.0,20.0,1041.1688716493557,35.08364820522568,222232.0,0.0,3996060.0,3996060.0,3838.0,0.9462112716325988,-1.3692501142888829,0.3062763673634956,1.3539253208498232,-1.0272382525724713,-0.4068889173427691,0.8861208367934641,-0.464525225621645,-0.3862740566444183,-1.082548539427231,1,361858.748934124,191119.3624053996,321218.68873465294,314535.1353705517,249794.20967610905,303080.4698216811,398064.0649796093,221000.9651542937,237864.2883424191,215193.96153444517,125987.8372907632,0.6275157265062264,0.3287889196490954,0.589896549816623,0.5497365115306304,0.43664137593287,0.5530890474978499,0.6575313122996099,0.37695170226398966,0.4433799372828082,0.37192360711813827
2024-03-11,112787.0,150798.0,189160.0,142883.0,199374.0,116122.0,102970.0,29110.0,180400.0,132990.0,0.0,1027.514533087481,35.48012994148332,61390.0,0.0,4035687.0,4035687.0,3927.0,0.0483016175306463,0.813559595150801,1.4518750639524705,0.6160090104419215,1.6886568721595123,0.1098527291084729,-0.2218539633927138,-1.5940736310908383,1.3526433081818936,0.3640941257118361,1,329902.2493604744,265469.6174432398,381891.21324079175,331604.08122233103,349250.5258056654,297970.2818930086,341808.4389877656,161710.5790925762,323118.5730054515,262106.37692066707,129916.25411527544,0.583378684953602,0.4858879399973682,0.6703050291184991,0.5757371525255256,0.6024059316896512,0.5446682128196615,0.5860323486620894,0.2446736303861045,0.5951223946012804,0.4676572274068477
2024-03-18,147948.0,197247.0,98752.0,151189.0,179937.0,59974.0,105553.0,99141.0,66479.0,89519.0,10.0,1016.7866209039228,35.767534539408416,156752.0,0.0,4057960.0,4057960.0,3990.0,0.7489385618478773,1.7037048796389036,-0.1780394356260268,0.7819527731127766,1.314575594774839,-0.973729955569759,-0.1714799484862506,-0.2685033858723536,-0.8057468283210676,-0.4866614756391073,1,345889.3496162846,356528.77046594385,327886.727944475,350151.4487333986,389487.3154833992,238756.1691358052,310638.0633926593,196167.3474555457,260350.14380327088,246782.82615240023,133662.35730913837,0.6061849814044384,0.630267799028682,0.5997995146195791,0.6020816225036788,0.6533015782523368,0.43439261427887366,0.5390063636901661,0.3228063004585242,0.48830174300107687,0.4378147719583677
2024-03-25,75016.0,158877.0,75284.0,145808.0,157717.0,127309.0,181779.0,32115.0,171175.0,29503.0,10.0,984.9201936333186,35.94167099278443,201203.0,0.0,4009567.0,4009567.0,4070.0,-0.7043435866389203,0.9683849682132863,-0.6011306828177375,0.6744469475731821,0.8869331610923035,0.3257471419726067,1.3150897999690607,-1.537193983693521,1.1778629866499564,-1.6612134337417097,1,282549.6097697708,372794.2622795663,272016.03676668496,355898.86924003914,391409.38929003954,270562.70148148306,368161.8380355956,149815.40847332744,327385.0862819625,177572.69569144014,131311.7936424774,0.5066931816504026,0.6508072264437345,0.5077532420821254,0.609856200967254,0.6555281895510888,0.49654272928243115,0.6215497834169709,0.21754456256047427,0.6014277897626089,0.2873493291088698
2024-04-01,160546.0,25237.0,77043.0,132221.0,139771.0,36371.0,190182.0,59062.0,190963.0,115457.0,0.0,1023.031191306658,36.0,144754.0,0.0,3719248.0,3719248.0,3635.0,0.9999730666830208,-1.5926823490376778,-0.5694186705537944,0.4029952375552543,0.5415474223494241,-1.4292368677742957,1.4789662410294595,-1.0271321339712192,1.5527738812270808,0.0209619695965848,1,330075.76586186246,248913.55736773976,240252.62206001097,345760.32154402346,374616.6335740237,198708.62088888985,411079.1028213573,148951.24508399644,387394.0517691776,222000.61741486407,130698.28232511943,0.5836342639956095,0.4538188271594345,0.445881666119657,0.5960193666636642,0.6354633551790624,0.34724801735712973,0.6718705640766413,0.21558160448983413,0.6787489370938217,0.38658438368541675
2024-04-08,41959.0,40056.0,186619.0,33234.0,58000.0,65084.0,102879.0,42911.0,161826.0,167977.0,20.0,1043.0548798096472,35.94167099278443,125969.0,0.0,4007784.0,4007784.0,3842.0,-1.3630550984928125,-1.3086921022976146,1.406064817697394,-1.5746444488762328,-1.0322036777700452,-0.8751136643624896,-0.2236286576848114,-1.3328436764384657,1.000733314454609,1.0488123568191363,1,240004.45951711747,189404.13442064385,330770.57323600654,240690.19292641408,282769.98014441424,184309.17253333388,349526.4616928144,132281.74705039783,394262.4310615065,301177.37044891843,123265.0795353685,0.42565063544333753,0.3248222204249902,0.6039960359617558,0.4168873808521958,0.4982971346383508,0.3139734767977942,0.5968229673411002,0.17814400974532285,0.6863644430748614,0.537018602303523
2024-04-15,156602.0,196615.0,117007.0,73441.0,46737.0,180701.0,189899.0,124061.0,101437.0,65838.0,15.0,1023.6940768443268,35.767534539408416,196110.0,0.0,4341375.0,4341375.0,4240.0,0.9213828073506024,1.69159327724065,0.1510695944355326,-0.7713575640090199,-1.2489695072284788,1.3561426449351373,1.473447136802387,0.2031907283177142,-0.1434194050025353,-0.9501139703043252,1,300604.6757102705,310257.4806523863,315469.3439416039,217855.11575584844,216398.98808664852,291286.5035200003,399614.8770156886,203430.04823023872,337994.4586369039,246544.42226935105,119742.21129673826,0.5375934442106441,0.5634906726104166,0.5811306218087687,0.3693689551511301,0.3677616785121414,0.5333946158326857,0.6592803331407385,0.33890074640717305,0.6166143931212885,0.4373390472048623
2024-04-22,139101.0,134548.0,102844.0,20846.0,31485.0,81916.0,156727.0,52556.0,118540.0,145200.0,0.0,973.1899991309504,35.48012994148333,233399.0,0.0,3742764.0,3742764.0,3845.0,0.5726484948311673,0.5021457676640593,-0.104267091007462,-1.822141599365825,-1.5425069689083182,-0.5502781626793664,0.8265223119951087,-1.1502798830450789,0.1806204691612286,0.6030517271586633,1,319463.8054261623,320702.48839143175,292125.6063649623,151559.06945350906,161324.39285198913,256687.90211200016,396495.9262094131,174614.02893814322,321336.6751821423,293126.6533616106,119293.05437090764,0.5676707171813822,0.5797052899850227,0.5433065037547306,0.2208646805225105,0.24430052695647742,0.47025637795951025,0.6557514195443566,0.2741465871643105,0.5924547136643966,0.5235217987087266
2024-04-29,23748.0,131488.0,47532.0,30954.0,58565.0,93972.0,64859.0,148335.0,92982.0,109489.0,20.0,1010.6962792942186,35.083648205225686,127064.0,0.0,3838200.0,3838200.0,3797.0,-1.7259372518149905,0.4435041484573251,-1.1014557336130484,-1.6201960716657284,-1.02132978150404,-0.3176131907038594,-0.9650998333502134,0.6626571379425018,-0.3036110167697471,-0.0958356524701362,1,215426.28325569737,323909.4930348591,222807.36381897735,121889.44167210544,155359.6357111935,247984.7412672001,302756.55572564784,253103.41736288596,285784.0051092853,285364.99201696634,112507.80418335064,0.3738591068153889,0.5845461591453539,0.4090022689579631,0.15494171493137873,0.2306590273732185,0.45311251640268313,0.5262120247692018,0.4424450542871463,0.5348474536390473,0.5101199190986809
2024-05-06,33545.0,154415.0,185421.0,99239.0,176594.0,32984.0,72098.0,21969.0,122747.0,46806.0,0.0,1045.2813994518017,34.58387092714925,71281.0,0.0,3648651.0,3648651.0,3490.0,-1.5307169752734835,0.8828755221673884,1.3844667559053507,-0.2559449479022634,1.2502367713814675,-1.494601521065689,-0.8239238775206016,-1.729240873042334,0.260327874330319,-1.322582526466161,1,162800.7699534184,348760.6958209154,319105.41829138645,172372.66500326328,269809.7814267161,181774.8447603201,253751.9334353887,173831.05041773157,294217.4030655712,218024.9952101798,101088.22613356584,0.25428655614278745,0.6199433940979298,0.5866991609035578,0.26829940956609305,0.47486005607110027,0.3080398021551804,0.4382667218310279,0.2723616441912519,0.5492848182673504,0.37804995389341417
2024-05-13,147659.0,164572.0,142402.0,66514.0,139614.0,53039.0,166323.0,63753.0,68231.0,196072.0,0.0,1087.963927222268,33.98808598536882,104189.0,0.0,3605689.0,3605689.0,3314.0,0.7431797928450709,1.077523537292486,0.6089016305030923,-0.9097505864050004,0.5385258263958616,-1.1075663507796247,1.0136648002035569,-0.9383393133586344,-0.7725527770122379,1.5986496879123886,1,245339.46197205104,373828.4174925492,333865.25097483187,169937.59900195798,301499.86885602964,162103.90685619204,318574.1600612332,168051.63025063893,244761.44183934276,326886.99712610786,95840.23774705648,0.4364337412173073,0.6520652784709338,0.6084420980830391,0.2627502370754192,0.5303277554068182,0.2614661740158876,0.5515157456363847,0.2591677657503005,0.45753048497387133,0.5774163600493989
2024-05-20,185838.0,49375.0,138012.0,108236.0,85155.0,105431.0,142413.0,155542.0,49301.0,173240.0,5.0,991.7914810200322,33.30498126592637,98511.0,0.0,3883407.0,3883407.0,3915.0,1.503955023842129,-1.1301034587069103,0.5297568130848372,-0.0761958469210831,-0.5095830528083327,-0.0964695349418044,0.5473687504886763,0.7990736500198621,-1.1312076807086684,1.1518126726598124,1,333041.67718323064,273672.05049552955,338331.1505848991,210198.5594011748,266054.9213136178,202693.34411371523,333557.4960367399,256372.9781503833,196157.86510360564,369372.1982756647,100060.26909476072,0.5879752206621313,0.5010992365288065,0.614754855906331,0.35286252614147773,0.46787592989736826,0.35630254509776743,0.5741287835593283,0.4487866209314673,0.35137131107528474,0.6356554631434091
2024-05-27,93530.0,160734.0,196517.0,117579.0,72487.0,103691.0,20526.0,141863.0,192395.0,90119.0,20.0,1034.3153242452572,32.544517973849246,172115.0,0.0,4277265.0,4277265.0,4135.0,-0.3354236928051495,1.003972382222079,1.584510239748849,0.1104659126062223,-0.7533892791760357,-0.1300492505388003,-1.8296879877630032,0.5401529522668148,1.5799050921142066,-0.4749190873616219,1,293355.0063099384,324937.2302973177,399515.69035093946,243698.1356407049,232119.95278817063,225307.0064682291,220660.49762204397,295686.78689023,310089.7190621634,311742.3189653988,104638.04406864886,0.5254362822913778,0.5860839876433548,0.6899315877507689,0.42293783247750427,0.40093507176942395,0.40614880860635183,0.37106208758718917,0.5199295291745442,0.5751432070235715,0.554112492815632
2024-06-03,113557.0,36964.0,156785.0,157541.0,149948.0,78606.0,88760.0,30225.0,38752.0,58714.0,15.0,1045.3792208033728,31.717785376350164,58605.0,0.0,4037787.0,4037787.0,3862.0,0.0636450505139024,-1.3679469671953997,0.8682045710331066,0.908857995901757,0.7374122759762091,-0.6141568170621574,-0.4989793028510348,-1.5729685372978237,-1.3310730044854062,-1.0895352604523347,1,289570.00378596305,231926.33817839064,396494.4142105637,303759.8813844229,289219.97167290235,213790.20388093745,221156.29857322635,207637.072134138,224805.831437298,245759.3913792393,109343.88782811735,0.5189559578070198,0.41906218287514096,0.6866743966845656,0.5324268292520059,0.509572843183521,0.38110830588716527,0.3721102543043701,0.34813260829079884,0.4157166108428752,0.43577011592424614
2024-06-10,81087.0,133429.0,76178.0,181177.0,32342.0,161688.0,67837.0,143008.0,118452.0,75419.0,5.0,967.5038000404096,30.83683909634029,150318.0,0.0,3394141.0,3394141.0,3508.0,-0.5833695845072998,0.4807013324051261,-0.5850132644186669,1.3810764854861937,-1.526013289085369,0.9892167066330207,-0.907022475087942,0.5618258961170407,0.1789531880452599,-0.7626076001600133,1,254829.00227157783,272584.8029070344,314074.64852633816,363432.9288306537,205873.9830037414,289962.12232856243,200530.7791439358,267590.2432804828,253335.4988623788,222874.6348275436,110406.39310358449,0.4551834811915769,0.49910887698524636,0.5789720034416163,0.6197775403136249,0.34489612122041,0.5311255903335016,0.3276180145136799,0.47005403953198605,0.4746649538377696,0.38844958853873335
2024-06-17,88840.0,87215.0,69407.0,62101.0,60806.0,122665.0,31536.0,174268.0,164467.0,125432.0,0.0,1071.2831327224592,29.91452531430046,182453.0,0.0,3816317.0,3816317.0,3562.0,-0.4288791482486185,-0.4049404290393221,-0.7070837789378024,-0.9979169510409844,-0.9781998672879032,0.2361240389654522,-1.614969480554269,1.1535256557310662,1.0507706943099853,0.2161791747097789,1,241737.4013629467,250765.88174422065,257851.78911580288,280160.75729839224,184330.38980224484,296642.2733971374,151854.46748636148,334822.1459682897,316468.29931742727,259156.78089652612,108543.3574830835,0.42917205896627686,0.4574966966508421,0.4810249487338921,0.4920361033744047,0.2967923369490064,0.542451762804194,0.21839083619603022,0.5813597646950466,0.5850622444624828,0.4620266516408405
2024-06-24,138451.0,89042.0,70990.0,84323.0,68770.0,125373.0,48541.0,125823.0,141237.0,112949.0,0.0,957.3926126366622,28.9642934420426,247706.0,0.0,3300182.0,3300182.0,3447.0,0.5596962462089381,-0.3699279328658896,-0.678544770743475,-0.553948459098805,-0.8249260445224796,0.2883848836991676,-1.2833356735529498,0.2365424550112495,0.6106463724469064,-0.028121213403304,1,283493.440817768,239501.5290465324,225701.0734694817,252419.4543790353,179368.23388134688,303358.3640382824,139653.6804918169,326716.2875809738,331117.97959045635,268443.0685379157,108605.23532215672,0.5083602229992833,0.4347874825752223,0.4152548429586458,0.4401875296292206,0.2855293058199037,0.5535420767049446,0.19114575689721355,0.5693852019717764,0.6068506282871259,0.47956759709153857
2024-07-01,71005.0,164356.0,149473.0,111922.0,98623.0,44574.0,99083.0,33669.0,76273.0,153533.0,0.0,1032.359420601319,28.000000000000007,69810.0,0.0,3700131.0,3700131.0,3584.0,-0.7842689239062453,1.073384128877893,0.7363806746863455,-0.0025540567447321,-0.2503801591613306,-1.270929737290297,-0.2976587624408837,-1.5077793507299828,-0.6201860186642879,0.7661339296858057,1,241101.0644906608,308056.91742791946,284893.64408168907,263373.6726274212,206243.9403288081,226589.01842296944,182875.20829509007,229698.7725485843,274943.7877542738,314598.8411227494,105788.4816382842,0.42788108049061385,0.5599859637274804,0.5308421109061144,0.46121861145673565,0.34570788598404206,0.4088887144331565,0.28837163524041437,0.39524834979975765,0.5155641960560292,0.5586151859992307
2024-07-08,197648.0,113468.0,78141.0,196659.0,123177.0,154502.0,54531.0,188452.0,111878.0,165363.0,20.0,1012.2127911818826,27.03570655795741,205394.0,0.0,4150495.0,4150495.0,4100.0,1.7392874180398623,0.0981701686843352,-0.5496234519831237,1.690387987252408,0.2221820513085602,0.850536340954853,-1.1665178844357549,1.4220051627805017,0.0543997101318773,0.9976546852235588,1,342308.6386943965,298302.1504567517,249077.18644901345,354683.2035764527,246923.3641972849,290455.41105378163,164256.12497705407,326271.2635291506,276844.2726525643,354122.3046736496,110683.26400417574,0.6012057496487817,0.5440727636385627,0.46376838602882414,0.608226764665596,0.43096305466646984,0.5319720926468633,0.24637133518374232,0.5687166800516795,0.5190043100473876,0.6159118643467254
2024-07-15,59353.0,29435.0,174865.0,188048.0,151026.0,163748.0,28712.0,144398.0,24895.0,197876.0,20.0,1002.2230223999264,26.085474685699552,91869.0,0.0,4119517.0,4119517.0,4110.0,-1.0164529253619596,-1.512232179942949,1.194158625457264,1.5183506960943618,0.7581592851350648,1.028972002109924,-1.6700435100145292,0.5881362821011576,-1.5936129411215094,1.6339551353333612,1,264738.1832166379,208416.29027405105,324311.31186940806,400857.9221458716,299180.0185183709,338021.246632269,127265.67498623244,340160.75811749033,191001.56359153852,410349.38280418975,111346.31662640236,0.4741602248890463,0.36809707614085513,0.5945244327791329,0.6647709882390082,0.5264781770914643,0.6062032621939253,0.16405513454779344,0.5890393540722961,0.3393273506498033,0.6828640047015135
2024-07-22,72733.0,195150.0,76570.0,147534.0,95629.0,161888.0,124101.0,130677.0,139968.0,96971.0,5.0,1095.187558361436,25.16316090365972,82955.0,0.0,3437625.0,3437625.0,3119.0,-0.7498358691074576,1.66351812294723,-0.5779461189908864,0.7089303251761072,-0.3080021864541079,0.9930764440579628,0.1902456529404163,0.3284205942680147,0.5866034208995864,-0.3408210132327391,1,231575.9099299827,320199.7741644306,271156.7871216448,388048.7532875229,275137.01111102256,364700.7479793614,200460.40499173943,334773.4548704942,254568.93815492315,343180.6296825138,108583.162198455,0.40827077655657246,0.5789406466558834,0.5061716404328649,0.6501449802182685,0.48461969167758634,0.6418303488251843,0.327463393106788,0.5812889712285667,0.4770877877185364,0.6009586266924093
2024-07-29,85318.0,98832.0,188964.0,87584.0,140993.0,52733.0,85455.0,68320.0,135700.0,113471.0,15.0,987.949790586928,24.28221462364985,111388.0,0.0,3963973.0,3963973.0,4012.0,-0.4990604092447587,-0.182313079260031,1.4483414912385804,-0.4887976512406713,0.5650658316185536,-1.113471749039786,-0.5634338592838111,-0.8518936063158561,0.5057402867751085,-0.0179053356018917,1,224263.5459579896,290951.86449865834,351658.0722729869,320413.25197251374,306075.2066666135,271553.4487876168,205731.2429950437,269184.0729222965,288441.3628929539,319379.3778095083,104064.67164404591,0.3928638015822121,0.5316704542785474,0.632884642910199,0.5588849041036922,0.5378232672454135,0.4983702374042401,0.3389958122814763,0.47301368848423836,0.5394496339875056,0.5660385481324789
2024-08-05,174736.0,71293.0,21015.0,124537.0,146944.0,22050.0,94744.0,198486.0,96559.0,84946.0,5.0,987.3061762908555,23.455482026150765,60207.0,0.0,3293531.0,3293531.0,3335.0,1.2827306173744546,-0.710068488192793,-1.579515670624408,0.2494782772418844,0.6795977903424406,-1.7056133660872712,-0.3822785265443076,1.6119320785823932,-0.2358398286808865,-0.5761580449606749,1,309294.12757479376,245864.118699195,232009.8433637921,316784.95118350827,330589.1239999681,184982.06927257008,218182.7457970262,359996.4437533779,269623.81773577235,276573.626685705,105809.10533927724,0.5517271201418955,0.44771533501524197,0.4287024731942976,0.5532623738959543,0.5758288701322267,0.3155455076803861,0.365806925531337,0.616175686374697,0.5057994916173333,0.49447554205312566
2024-08-12,87172.0,98781.0,81813.0,98477.0,125947.0,129996.0,149749.0,166649.0,30699.0,118989.0,10.0,1053.259152295912,22.69501873407364,248700.0,0.0,3348315.0,3348315.0,3179.0,-0.4621166108668927,-0.1832904395801433,-0.4834230488943236,-0.271168779729279,0.2754930117631338,0.3776027142767031,0.6904364134208538,1.0093106695346727,-1.483648172972852,0.0900854952567152,1,272748.47654487623,246299.471219517,221018.90601827527,288547.9707101049,324300.47439998086,240985.24156354205,280658.64747821575,382646.8662520268,192473.2906414634,284933.176011423,106521.91214639174,0.4890432828869789,0.4485903924079522,0.405111874494581,0.5067839018833012,0.5664205853247575,0.438964495746736,0.4883432482484547,0.6445995245102588,0.3427773712843659,0.5093630306522033
2024-08-19,113264.0,180196.0,47712.0,62533.0,46399.0,53933.0,25109.0,145354.0,29715.0,104080.0,0.0,1030.4721511234711,22.011914014631188,209292.0,0.0,3300516.0,3300516.0,3202.0,0.0578065753657283,1.3769407459480465,-1.0982106158145777,-0.9892861172492904,-1.2554745991539829,-1.0903133244901335,-1.7403097027005483,0.6062317705909531,-1.502291407269592,-0.2016932827916667,1,276913.08592692576,327975.6827317102,180323.34361096515,235661.7824260629,240979.2846399885,198524.1449381252,193504.18848692943,374942.119751216,145198.97438487803,275039.9056068538,107856.12344034488,0.4966184044285978,0.5905924090008048,0.3119103331120111,0.40666000352549464,0.4190542257392668,0.3468270781777866,0.31210094074209926,0.6352258533141707,0.2288799646492985,0.4916956469198341
2024-08-26,46736.0,63919.0,120497.0,21828.0,148177.0,44951.0,69268.0,108009.0,39169.0,97794.0,0.0,1051.2839568383422,21.41612907285076,72031.0,0.0,3139896.0,3139896.0,2986.0,-1.2678660343875992,-0.8513832921243151,0.2139888228614347,-1.8025224355152616,0.7033279037866604,-1.2636541322442814,-0.8791149197913298,-0.1006469089607356,-1.323172365560873,-0.324714370645455,1,212883.85155615545,260704.40963902613,228691.00616657909,163225.06945563777,292764.5707839931,164065.48696287512,185370.5130921577,332974.2718507296,126288.3846309268,262817.9433641123,104206.77796495198,0.3683177398281967,0.47684418518185606,0.42165989892167083,0.24743762773120762,0.5156595036090059,0.2661380592775491,0.2939657318726619,0.5786635022116341,0.18336398491670156,0.46900734979675546
2024-09-02,132859.0,186319.0,159487.0,21917.0,129575.0,52413.0,74615.0,48625.0,138413.0,50841.0,0.0,1004.6747752936444,20.91635179477432,130807.0,0.0,3536871.0,3536871.0,3520.0,0.4482670549850834,1.4942814761450505,0.9169173948745928,-1.8007443239239174,0.3453168978747556,-1.119647328919693,-0.774837003529286,-1.2246871688749807,0.5571418057253682,-1.243614965300072,1,260589.31093369325,342741.64578341565,296701.6036999475,119852.04167338266,305233.74247039587,150852.29217772506,185837.3078552946,248409.5631104377,214186.03077855607,208531.76601846737,103055.23081854284,0.466290545396019,0.6117062052129413,0.5510087458527608,0.15057869883722047,0.5364543658243793,0.23465062522459879,0.29501079124632035,0.4332303437693743,0.3924163297554494,0.35735332170997564
2024-09-09,132181.0,141172.0,132816.0,40618.0,130904.0,185873.0,102503.0,44089.0,167235.0,144447.0,5.0,1012.6777046804864,20.51987005851668,121312.0,0.0,3575960.0,3575960.0,3531.0,0.4347568633452812,0.6290876257115778,0.4360810793023194,-1.4271211231404282,0.3708946113924914,1.455955454744139,-0.2309614604741379,-1.3105460975253076,1.1032142639577254,0.5883150298704191,1,288534.5865602159,346816.9874700494,310836.96221996844,112529.2250040296,314044.24548223754,276384.37530663505,214005.38471317675,193134.73786626264,295746.6184671336,269566.05961108045,104588.64127653136,0.5171672397482737,0.6173063037166169,0.5739120748482962,0.13515132269149577,0.5505736468684935,0.5071865248141494,0.3568846663713827,0.3160325809083493,0.5518503543560338,0.48165176648285446
2024-09-16,151926.0,114758.0,148778.0,52254.0,50678.0,183985.0,180831.0,56487.0,139264.0,140029.0,5.0,1076.037424519783,20.232465460591587,109766.0,0.0,3760716.0,3760716.0,3494.0,0.8282063234159199,0.1228916356048211,0.7238509142978062,-1.194648016658599,-1.1731216750438311,1.4195195334526858,1.2966017759151207,-1.0758725972151768,0.5732651719718375,0.5018519108538686,1,325046.7519361295,322848.19248202967,335280.177331981,119771.53500241776,239104.54728934253,349815.625183981,309234.23082790605,172367.84271975758,316711.97108028014,301768.6357666482,109888.16572401478,0.576153824134264,0.582951241437309,0.6104553052225964,0.15040689017224823,0.41525641092654564,0.6224535543144993,0.5367546500467236,0.2690241083031893,0.5854358952668494,0.5379937117641607
2024-09-23,110084.0,76573.0,82292.0,125292.0,96218.0,132573.0,105708.0,130448.0,25782.0,199830.0,0.0,966.561836816772,20.05832900721557,193521.0,0.0,3500310.0,3500310.0,3621.0,-0.0055598102014851,-0.6088829491694085,-0.474787429863949,0.2645622575954235,-0.2966663901697238,0.4273354309970815,-0.1684571175491612,0.3240860054979695,-1.5768075053275985,1.6721961798237053,1,305112.0511616777,270281.9154892178,283460.10639918863,197154.92100145065,239680.72837360555,342462.3751103886,291248.53849674365,233868.7056318545,215809.1826481681,380891.1814599889,114419.21519147996,0.5449840899491599,0.49486694473037535,0.5283286787828331,0.3241848349918818,0.41642573956289947,0.6124177475246773,0.5068596220504687,0.4038806783415773,0.3960221871629192,0.6497577580801335
2024-09-30,189695.0,79101.0,43833.0,67362.0,83230.0,191672.0,122471.0,70138.0,144481.0,96272.0,5.0,995.8849182363336,20.0,139833.0,0.0,3541719.0,3541719.0,3556.0,1.5808116745128027,-0.5604365395763943,-1.168142904371619,-0.8928085793324161,-0.5466312834491465,1.5678685413803335,0.1584571727632831,-0.81748189284886,0.6721084172219314,-0.3545008955760096,1,372762.23069700657,241270.14929353067,213909.0638395132,185654.9526008704,227038.4370241633,397149.4250662332,297220.12309804617,210459.22337911272,273966.50958890084,324806.7088759934,123429.50328893372,0.6412854121812265,0.4384070408593477,0.38945477687673125,0.29842572300497605,0.3903502065322997,0.6800035567606229,0.5170015118349354,0.35428483740000977,0.5137853328336445,0.5742977087105785
2024-10-07,27392.0,46646.0,155230.0,40128.0,94055.0,186472.0,177661.0,193895.0,55585.0,57643.0,20.0,1031.930162857018,20.05832900721557,237771.0,0.0,3937356.0,3937356.0,3815.0,-1.6533249533851395,-1.1824018177968376,0.8401703589407634,-1.4369107262837846,-0.3382951293261291,1.46751536833184,1.234780007717874,1.5250320914938458,-1.012148651927455,-1.1104954235276463,1,251049.33841820396,191408.0895761184,283575.43830370787,151520.97156052222,230278.062214498,424761.6550397399,355993.0738588277,320170.5340274676,219964.90575334048,252527.025325596,122717.76042325672,0.4477823460465422,0.3294555508430267,0.5285314156825173,0.22077816743363768,0.39711418690372735,0.7085225736939839,0.6056130666720378,0.559434281410444,0.4051816923130043,0.44917209816410036
2024-10-14,75680.0,124185.0,40309.0,143781.0,182552.0,155566.0,181087.0,188280.0,50682.0,63950.0,20.0,992.1655671964864,20.232465460591584,161041.0,0.0,4358802.0,4358802.0,4393.0,-0.6911123665079046,0.3035499834028221,-1.231675099492788,0.6339499566107666,1.3649034509440483,0.8710701440555446,1.3015943224950877,1.4187494891191574,-1.1050427350137515,-0.987063352084146,1,226309.6030509224,239029.85374567105,210454.26298222475,234693.5829363133,320718.8373286988,410422.993023844,394682.8443152966,380382.3204164805,182660.94345200429,215466.2151953576,116946.73886877327,0.3972046795087959,0.43381882688208445,0.38173986860240855,0.4046748306167478,0.5609579237211011,0.6941385998100461,0.6536792161415287,0.6418752538301313,0.31960381558879974,0.37251449587153856
2024-10-21,197789.0,43049.0,26970.0,85545.0,92258.0,142744.0,180081.0,74061.0,198936.0,120500.0,5.0,977.1941648286786,20.51987005851668,166185.0,0.0,4005984.0,4005984.0,4099.0,1.7420970596640688,-1.2513344662565182,-1.472156356791673,-0.5295343875861894,-0.3728798932022549,0.6236223777425096,1.2819751746066237,-0.7432260337008809,1.703833339609101,0.1196567430688492,1,333574.7618305534,186466.91224740265,153242.55778933482,226361.149761788,284689.30239721923,388997.7958143064,416890.706589178,302290.3922498883,308532.5660712026,249779.72911721456,117646.57214293657,0.5887499322121911,0.3180047408059021,0.2466308671825191,0.3873839768137244,0.5016794429568533,0.6709114531001581,0.6780302752456736,0.5309441840645519,0.5726810812999437,0.4437654323747528
2024-10-28,70859.0,118116.0,92474.0,102180.0,59986.0,109431.0,103309.0,181731.0,149992.0,179116.0,0.0,1024.739380511461,20.916351794774314,227164.0,0.0,3472544.0,3472544.0,3388.0,-0.7871781982121614,0.187244105309466,-0.2912219330637957,-0.1971873502601992,-0.9939814512491848,-0.0192747864429634,-0.2152427396012732,1.294787821629962,0.7765218971094658,1.2668097951906525,1,271003.857098332,229996.1473484416,184419.5346736009,237996.6898570728,230799.58143833157,342829.67748858384,353443.42395350675,363105.2353499329,335111.53964272153,328983.8374703287,115183.22933198987,0.4858368257246471,0.41499864273778897,0.3216323862789021,0.4114263862244459,0.39819788513959015,0.6129265098026286,0.602174329190776,0.6202346434643804,0.612556328397788,0.5805336315045388
2024-11-04,145657.0,117379.0,66540.0,107958.0,175232.0,63001.0,146446.0,121376.0,104416.0,145588.0,5.0,1053.4322266596598,21.416129072850747,244743.0,0.0,3821057.0,3821057.0,3627.0,0.703286867088605,0.1731202904874519,-0.7587712940945536,-0.0817499482962935,1.2240239453384605,-0.9153128296432612,0.6260208612582335,0.1523681481973156,-0.0869781499517341,0.6106451382447704,1,308259.3142589992,255376.68840906493,177191.72080416052,250756.01391424367,313711.7488629989,268698.8064931503,358512.054372104,339239.1412099597,305482.92378563294,342978.30248219724,115865.71744709056,0.5500688181171306,0.46655384404479494,0.3044402732704237,0.4369315626423666,0.5500493506497208,0.4930867167551627,0.6089762107877631,0.5877252233562328,0.5678124000301199,0.6006757457287294
2024-11-11,177381.0,88385.0,171456.0,160937.0,105595.0,87364.0,126661.0,182962.0,147810.0,35997.0,5.0,994.3666254877658,22.011914014631177,60350.0,0.0,3992089.0,3992089.0,4014.0,1.3354363059987564,-0.3825186334602766,1.1326997000406738,0.976705939319795,-0.116198203822238,-0.4451389152239449,0.2401711187400857,1.3180886023108598,0.7351809039839713,-1.5341216512850595,1,362336.5885553995,241611.01304543897,277771.0324824963,311390.6083485462,293822.04931779933,248583.28389589017,341768.2326232624,386505.48472597584,331099.7542713798,241783.98148931836,121700.44797554814,0.6281324246676967,0.4391023453622678,0.5182138641537858,0.5447575688101256,0.5174602923136157,0.4543075439825791,0.5859752712402887,0.6491832457304422,0.6068243632012527,0.427768006136588
2024-11-18,90467.0,146131.0,38017.0,153291.0,121358.0,144988.0,177215.0,99134.0,58067.0,99751.0,5.0,993.25641516757,22.69501873407363,150859.0,0.0,3964534.0,3964534.0,3991.0,-0.3964586736203618,0.7241215438966088,-1.2729962661266467,0.8239481727195833,0.1871738790822537,0.6669286316503594,1.2260820554730876,-0.2686358842190362,-0.965123745906613,-0.2864146142137236,1,307868.9531332397,291097.6078272634,204679.61948949777,340125.3650091277,297651.22959067964,294137.9703375341,382275.9395739575,331037.2908355855,256726.85256282787,244821.388893591,124354.17505811946,0.5494415207364398,0.5319198385482332,0.3686960751512069,0.5880822478026614,0.5239231746006897,0.5382403885775325,0.6390796140306111,0.5758160267036009,0.48130096130603256,0.4338905736262052
2024-11-25,118506.0,191230.0,95880.0,59809.0,84929.0,65028.0,26154.0,67055.0,193757.0,118605.0,10.0,974.0924789726628,23.455482026150754,118487.0,0.0,3892967.0,3892967.0,3996.0,0.1622614788699212,1.5883955257935052,-0.2298170929438465,-1.0437083192135823,-0.5139326113147348,-0.8761943908414733,-1.7199299715440426,-0.8758379503949265,1.6057100566590845,0.0825703667591246,1,303227.3718799438,365888.56469635805,218687.77169369865,263884.2190054766,263519.7377544078,241510.78220252044,255519.5637443745,265677.37450135127,347793.1115376967,265497.8333361546,125429.92272337904,0.5419094101874631,0.6422615769852296,0.40001164989616284,0.46218123470008304,0.4631115235161527,0.4400377615376687,0.44168760196816936,0.4664814165883901,0.6300331800619127,0.4740634251846767
2024-12-02,129751.0,43289.0,125570.0,136748.0,93506.0,188645.0,172876.0,39508.0,38073.0,174983.0,20.0,988.1609262637706,24.28221462364984,198694.0,0.0,4295837.0,4295837.0,4347.0,0.386335380034486,-1.246735123573637,0.3054470594816643,0.4934391833307132,-0.3488610922465481,1.5094514154538354,1.1414622913696637,-1.3972568012614512,-1.3439375940052094,1.1859243106059074,1,311687.4231279663,262822.1388178148,256782.6630162192,295078.531403286,251617.84265264467,333551.46932151227,326187.7382466247,198914.42470081075,246748.866922618,334281.70000169275,125898.87061488187,0.5555368290664865,0.4808820789535847,0.4789508291065102,0.5179666696423922,0.4402232246124043,0.5998301201495259,0.5631687706452182,0.32891604822431364,0.46154751257417864,0.5882934954358425
2024-12-09,138906.0,130226.0,28702.0,25287.0,54911.0,151878.0,192760.0,193359.0,56035.0,75533.0,15.0,1043.3442431932074,25.16316090365971,173853.0,0.0,4145202.0,4145202.0,3972.0,0.5687628202444985,0.4193192715165086,-1.4409311121975,-1.733415828835935,-1.0916540593022392,0.7998965859396132,1.529242745260533,1.5148865038050063,-1.0036227825844335,-0.760376546387291,1,325918.45387677976,287919.2832906889,182771.5978097315,202334.1188419716,205881.7055915868,352008.88159290736,388472.6429479749,312707.65482048644,204084.3201535708,276102.0200010156,126819.37322931716,0.5774613161683135,0.5264493664040848,0.3177281496115092,0.3356489996476836,0.34491307188674236,0.6253866734419468,0.646463895625827,0.5477778744117712,0.36963337751269576,0.49362234745417016
2024-12-16,163760.0,120793.0,151456.0,185459.0,107127.0,144343.0,84288.0,178056.0,110373.0,102566.0,15.0,1003.2425148277464,26.085474685699538,103117.0,0.0,4387832.0,4387832.0,4373.0,1.0640169544858586,0.2385459401514357,0.7721310557661633,1.4666256296899742,-0.08671358598238,0.6544809784549214,-0.5861928509198322,1.225226189621595,0.0258854137735504,-0.2313232425451881,1,359311.07232606784,293544.5699744133,261118.9586858389,306859.47130518296,230656.02335495208,355548.3289557444,317371.58576878486,365680.59289229184,232823.59209214247,268227.2120006094,130277.16035782803,0.6242068761000874,0.5360858829856725,0.4873141170448222,0.5374781639790737,0.39789972106098326,0.6300625889159276,0.5496440955200023,0.6235583761459962,0.43283483883182555,0.4791660675850384
2024-12-23,45342.0,29823.0,20404.0,28512.0,182893.0,148301.0,71195.0,130169.0,103362.0,165643.0,10.0,967.8003735627884,27.0357065579574,239466.0,0.0,3839103.0,3839103.0,3966.0,-1.2956436260481952,-1.504796575938958,-1.5905310427069943,-1.668984257127109,1.3714662803718496,0.7308651820945246,-0.8415343054960318,0.3188049999659058,-0.1069476305907218,1.0031344664197186,1,260928.64339564068,205949.741984648,177075.37521150333,212627.68278310975,321286.61401297123,361629.9973734466,261617.9514612709,349577.3557353751,243056.15525528547,326579.3272003656,126550.32918380512,0.4669383075360955,0.3625762886688507,0.30416217131652906,0.3581276217660673,0.5618289701000082,0.637933493643319,0.45335024882458724,0.6021924254196147,0.45406206128263255,0.5769567528544547
2024-12-30,188229.0,61975.0,192015.0,152414.0,133453.0,146295.0,40581.0,28125.0,110517.0,128255.0,5.0,1010.4944952129464,28.0,151084.0,0.0,4385471.0,4385471.0,4339.0,1.5515993722355903,-0.8886379678556521,1.5033462379226568,0.8064267809711677,0.4199522425111586,0.6921520157223557,-1.4385726687737963,-1.6127180413026048,0.0286136919633172,0.2714271115553475,1,344786.18603738444,185544.8451907888,298260.225126902,279990.60966986587,326224.9684077827,363272.998424068,197551.77087676252,237871.41344122504,256350.69315317128,324202.59632021934,127738.51677752424,0.6046587622536131,0.31585841723075875,0.5535997783031629,0.49173243045423565,0.5693244403963742,0.6400248917709729,0.3210583292014935,0.4120782473792217,0.4805688838431663,0.5733871880995821
2025-01-06,126308.0,29540.0,198998.0,128872.0,104458.0,180829.0,50087.0,56059.0,85450.0,78005.0,10.0,1042.0477604394416,28.964293442042585,73782.0,0.0,4167763.0,4167763.0,3999.0,0.3177283154093551,-1.5102199675191883,1.629238780071102,0.3360862968877015,-0.138080717192942,1.3586128768871002,-1.253185372722368,-1.083973924698056,-0.4463151231956063,-0.7119979066840514,1,333179.71162243065,140866.9071144733,377954.1350761412,296866.3658019195,300192.98104466964,398792.7990544408,168618.06252605753,198781.848064735,239260.41589190275,272526.5577921316,128844.87972444623,0.5881759817554904,0.21018129117687928,0.6657086318841978,0.5209823594296414,0.5281631681402805,0.6817979771567007,0.2562328489972285,0.3286217834548325,0.44627043255839033,0.4871076768486259
2025-01-13,126081.0,36364.0,180261.0,170288.0,32175.0,54636.0,184053.0,123409.0,30382.0,63541.0,10.0,977.5245734581029,29.914525314300445,78454.0,0.0,3718339.0,3718339.0,3803.0,0.3132049916597458,-1.3794453239026023,1.291440045682527,1.1635275291025022,-1.5292273433799226,-1.0767463474414625,1.3594376551364231,0.1908494537409917,-1.4896541742656029,-0.9950677467599652,1,325988.8269734584,120884.14426868396,407033.4810456847,348407.81948115164,212290.78862680175,293911.6794326645,285223.8375156345,242678.108838841,173938.24953514166,227056.93467527893,129605.14372475004,0.5775666712922846,0.16385792124980258,0.6978507803464306,0.5996872021460999,0.3588946093042063,0.5378578010375774,0.49640875420804026,0.42180470035927703,0.29870844088953935,0.39731835007568594
2025-01-20,109045.0,155683.0,32763.0,113070.0,139235.0,199352.0,89298.0,168159.0,155509.0,43387.0,0.0,946.8557912161776,30.83683909634028,117904.0,0.0,3843246.0,3843246.0,4058.0,-0.0262634814607099,0.907175382675277,-1.3677176489775609,0.0203815849054173,0.5312316552722935,1.7160824584981085,-0.488487154179073,1.0378924557476343,0.8810490552549073,-1.3894945690006983,1,304638.29618407506,228213.4865612104,276983.0886274108,322114.691688691,266609.4731760811,375699.0076595987,260432.30250938068,313765.8653033046,259871.949721085,179621.16080516734,128544.50003651764,0.5442133061363088,0.411225637812908,0.5167952570829893,0.5614945705448705,0.46891286059284876,0.6553724834691426,0.45109984444685247,0.5494510603714466,0.4873830750588066,0.29206975120329537
2025-01-27,54698.0,47663.0,169456.0,99767.0,74771.0,44262.0,66167.0,25704.0,81929.0,113980.0,20.0,1087.63300639491,31.717785376350125,179936.0,0.0,4101068.0,4101068.0,3770.0,-1.1092109520334623,-1.1629121031781289,1.0966428356132227,-0.2453961510457486,-0.7094317940936364,-1.2769509276732067,-0.9395910406681948,-1.658543540919545,-0.5130253142106688,-0.0079438762131583,1,237480.97771044503,184591.0919367262,335645.8531764465,293035.8150132146,234736.68390564865,269681.40459575923,222426.3815056284,213963.5191819828,237852.16983265095,221752.6964831004,121757.04618437376,0.42049080652748144,0.31363537944975756,0.6109736134366455,0.5144969981767337,0.40633186126147713,0.49491155456867475,0.3747900737723347,0.36187622162169525,0.44335478986372356,0.3860545732411999
2025-02-03,130078.0,71991.0,118142.0,117829.0,147157.0,100435.0,194480.0,131279.0,118864.0,199980.0,15.0,944.8588259982702,32.54451797384923,196664.0,0.0,4099983.0,4099983.0,4339.0,0.3928513574182843,-0.6966920665567471,0.171531864998111,0.1154606080875266,0.683697153005554,-0.1928857758168569,1.562786417594686,0.3398154520827186,0.1867590950882039,1.675131776893077,1,272566.586626267,182745.6551620357,319529.5119058679,293650.4890079288,287999.0103433892,262243.84275745554,327935.82890337706,259657.11150918965,261575.3018995906,333031.61788986024,116656.25069746496,0.4887098978225589,0.309325745502415,0.5873431086304697,0.5155437573718912,0.5074582086723378,0.48093736761875605,0.5657967389918721,0.455092045901571,0.49064808427239764,0.5864774094161843
2025-02-10,100623.0,124182.0,160932.0,177686.0,141300.0,148583.0,59499.0,178280.0,163401.0,105457.0,5.0,985.6390974457686,33.30498126592634,203245.0,0.0,3879939.0,3879939.0,3936.0,-0.1940847705321163,0.303492491619286,0.9429684794234264,1.31133055778526,0.5709743026869847,0.7363074118636929,-1.0696312773682712,1.2294661367154385,1.0305738571551837,-0.1747445016948378,1,264162.95197576017,233829.39309722144,352649.7071435207,353876.2934047573,314099.40620603354,305929.3056544733,256260.49734202624,334074.2669055138,320346.1811397544,305275.9707339161,111914.56599465846,0.47307565590823847,0.4230462701475403,0.6341921698582145,0.6071407823751993,0.5506605623637107,0.5577094362263759,0.4431161477705683,0.5802708949078269,0.5909630551628832,0.5437328417354927
2025-02-17,42671.0,182049.0,100642.0,187330.0,106925.0,189269.0,145816.0,138516.0,45169.0,164129.0,15.0,1009.2851404743468,33.98808598536881,214276.0,0.0,4028821.0,4028821.0,3991.0,-1.348867404617386,1.4124515042454575,-0.1439656987420856,1.504005930672056,-0.0906012444704031,1.5214937962196546,0.6137345161590961,0.47679981421729,-1.209494107653922,0.9735045066661971,1,201168.7711854561,322346.63585833285,312231.82428611245,399655.7760428544,295384.6437236201,372826.583392684,299572.2984052157,338960.56014330825,237376.7086838526,347294.5824403497,103617.70257904253,0.34239361943588736,0.5821950706067893,0.576100392299282,0.6634310301643731,0.5201085801411056,0.6518973565675386,0.5209372013242867,0.5873270450284551,0.44236736693037204,0.6066599361776875
2025-02-24,176256.0,114704.0,70612.0,62078.0,86358.0,61844.0,189631.0,190954.0,107468.0,84028.0,15.0,989.1028919502284,34.583870927149256,216668.0,0.0,4186967.0,4186967.0,4233.0,1.313018952614129,0.1218567835011729,-0.6853595181202632,-0.9983764630252644,-0.4864303143870865,-0.9376414106465508,1.468220564601484,1.469363857551912,-0.0291538094297316,-0.5941238990252276,1,296957.2627112736,308111.9815149997,257951.09457166743,301871.4656257126,263588.78623417206,285539.95003561035,369374.3790431294,394330.33608598495,249894.02521031155,292404.7494642098,103262.51962774614,0.5315187760380296,0.5600740408296059,0.4812172002385745,0.5293206233975265,0.46324180783008806,0.5234644656786794,0.6230954277746933,0.6582570899437808,0.46784877946776665,0.5222914825911577
2025-03-03,113384.0,69115.0,43574.0,126288.0,168399.0,84754.0,116347.0,176995.0,54594.0,139246.0,20.0,997.0035662137992,35.08364820522568,215396.0,0.0,4258015.0,4258015.0,4270.0,0.0601977597267552,-0.751807523039939,-1.172812268314974,0.2844611243929399,1.0925171609391462,-0.4955084886194386,0.0390260975456365,1.2051432259315604,-1.0309245108584195,0.4865280941517502,1,291558.35762676416,253982.1889089998,198344.6567430005,307410.87937542755,326552.27174050326,256077.9700213662,337971.6274258776,413593.201651591,204530.4151261869,314688.8496785258,105154.5587105586,0.5223716536864119,0.4638293582810448,0.3541848933101445,0.5383706631724429,0.5698161344786804,0.4690712623385491,0.5805447728393534,0.6793801452122681,0.3706514635514955,0.5587562480196182
2025-03-10,193179.0,111007.0,43524.0,103524.0,67057.0,185229.0,68787.0,134044.0,65033.0,75731.0,15.0,1023.0735267149836,35.48012994148332,172258.0,0.0,4382003.0,4382003.0,4283.0,1.650235727127951,0.0510077422569585,-1.1737136899256602,-0.1703358673527072,-0.8578941583342791,1.4435271002358252,-0.8884954467638458,0.3921522990223469,-0.8331432884766428,-0.7565015582557209,1,368114.0145760585,263396.3133453999,162530.79404580028,287970.52762525657,262988.363044302,338875.7820128197,271569.97645552654,382199.9209909546,187751.2490757121,264544.30980711547,114232.54901298309,0.63549210605753,0.48197170675853207,0.26914366101895343,0.5057824563087929,0.4621079241616462,0.6074080880397723,0.47191108734677395,0.6440638579554276,0.3316746591902015,0.47226964849693265
2025-03-17,106202.0,169143.0,30916.0,32219.0,26150.0,97129.0,55488.0,49165.0,83133.0,175930.0,15.0,904.3311336914884,35.767534539408416,161668.0,0.0,3831856.0,3831856.0,4237.0,-0.0829146242807062,1.1651218514735258,-1.4010161632763116,-1.5949229125303284,-1.6451834938271448,-0.2566872354511491,-1.1478543411661126,-1.2144658678451798,-0.4902138771240072,1.2044577134372052,1,327070.40874563507,327180.7880072399,128434.47642748016,205001.31657515396,183943.0178265812,300454.46920769184,218429.98587331592,278484.9525945728,195783.74944542727,334656.58588426927,121254.09154025152,0.5791821557209083,0.5894184344924692,0.18696254655408273,0.3415144420243662,0.2959149675731169,0.548783169849721,0.36633256476185155,0.4899730810308107,0.35050162968855914,0.5888363315258699
2025-03-24,71663.0,31938.0,24809.0,20235.0,24425.0,60042.0,94441.0,87203.0,93861.0,199761.0,10.0,949.324221139046,35.94167099278443,242274.0,0.0,3258096.0,3258096.0,3432.0,-0.771157262993281,-1.4642648685460682,-1.5111157988055337,-1.8343486351221328,-1.6783825576481337,-0.9724176448452788,-0.3881876734729404,-0.4944698519719134,-0.2869571519863788,1.6708458051717945,-1,267905.24524738104,228246.47280434397,101869.6858564881,143235.78994509234,134790.81069594872,240314.6815246151,225498.99152398956,254293.9715567437,211331.2496672564,400554.9515305616,122124.87305363912,0.48009371418166613,0.4112956269075647,0.1263838067747309,0.20203865469128313,0.18412729761095298,0.4375924990433542,0.3812414123141531,0.44476159651302466,0.3860366741852229,0.6723094625869498
2025-03-31,35708.0,186267.0,183273.0,62929.0,36032.0,81665.0,42431.0,24114.0,51750.0,64638.0,20.0,1001.7703754428132,36.0,174184.0,0.0,4286570.0,4286570.0,4278.0,-1.4876158771659735,1.493284951897093,1.3457416835102682,-0.9813745196069044,-1.4549961612596014,-0.5551221331476687,-1.4024937188795044,-1.6886395939517365,-1.0848080051063145,-0.973598746859296,-1,196451.14714842863,323214.8836826064,244394.81151389284,148870.47396705538,116906.48641756923,225853.80891476903,177730.39491439372,176690.38293404618,178548.74980035383,304970.9709183369,114595.99604922195,0.33178863950331716,0.5835030935407961,0.45434338596943763,0.2147660887856799,0.14512865830522062,0.40731862819194237,0.2768024732643624,0.27887613311222703,0.30978319239805613,0.543236824696711
2025-04-07,111906.0,111680.0,164528.0,147309.0,22198.0,136953.0,81681.0,56321.0,60461.0,197558.0,0.0,983.8313195210555,35.94167099278443,211822.0,0.0,3793027.0,3793027.0,3855.0,0.0307463390134403,0.0639050656968709,1.0077987216639832,0.7044350992429333,-1.7212430301868828,0.5118636806033124,-0.6370349170681674,-1.0790147008650786,-0.9197661210017396,1.627731669546294,1,229776.6882890572,305608.9302095638,311164.8869083357,236631.2843802332,92341.89185054152,272465.2853488614,188319.23694863624,162335.22976042773,167590.2498802123,380540.58255100215,107136.1597486688,0.40450759300667105,0.556050555148614,0.5744276823305832,0.4086427324459332,0.09577441994646956,0.5000463456296681,0.3005591660528112,0.24610142861522724,0.2833687397707779,0.649338502094266
2025-04-14,69811.0,24000.0,141288.0,87444.0,171151.0,178448.0,142720.0,93297.0,98222.0,40567.0,5.0,1005.176450331024,35.767534539408416,66566.0,0.0,4165790.0,4165790.0,4144.0,-0.8080612082984632,-1.6163881277823609,0.5888179570170021,-0.4915946807102017,1.1454816963799357,1.312662702843165,0.553355905957621,-0.379120577017087,-0.2043320048643432,-1.4446837939048796,1,207677.0129734343,207365.35812573828,327986.9321450014,229422.77062813996,226556.1351103249,341927.1712093168,255711.54216918172,190698.13785625665,198776.14992812736,268891.3495306013,98579.40874975196,0.35687216855412707,0.3657485222671995,0.5999461986900465,0.3937795410985881,0.3893385269339683,0.6116750020313191,0.4420580485620523,0.31056962248008146,0.35743882465428434,0.48040052828669355
2025-04-21,153883.0,121042.0,58765.0,159639.0,187292.0,165271.0,69153.0,116652.0,132020.0,180811.0,15.0,1009.106131305252,35.48012994148333,188262.0,0.0,4523325.0,4523325.0,4482.0,0.8672025550370007,0.2433177581849248,-0.8989423545562695,0.950773480380863,1.456128704573896,1.0583639026008578,-0.8813576653252994,0.0629506925217987,0.4360176219255119,1.2999820420745485,1,278489.20778406056,245461.21487544297,255557.1592870009,297292.662376884,323225.68106619496,370427.30272559007,222579.92530150904,231070.882713754,251285.6899568764,342145.8097183608,97059.9441605539,0.49945616291157535,0.4469044068031897,0.4765635883912155,0.521698531342601,0.564789315928626,0.6489614752047718,0.3751135296501267,0.3980990438002668,0.470615042438001,0.5995093419639455
2025-04-28,76250.0,113610.0,185888.0,121834.0,192946.0,138533.0,26368.0,119304.0,44226.0,77804.0,5.0,915.3632001811604,35.083648205225686,88333.0,0.0,4422288.0,4422288.0,4658.0,-0.6797542407930267,0.1008914464383732,1.3928860337491606,0.195475629698022,1.5649446505703433,0.5423556062603547,-1.7157565146373517,0.113148637579265,-1.2273605405216312,-0.715931606757009,-1,243343.52467043637,260886.72892526575,339222.2955722005,300209.5974261304,386881.408639717,360789.381635354,159915.9551809054,257946.5296282524,194997.41397412584,283091.48583101644,95981.28045092386,0.4324196711277242,0.4771929911880411,0.6160000615441535,0.5265690386691052,0.6502543406297555,0.6368577465120311,0.23656283379325663,0.4518158757743328,0.3486715149472589,0.5061215365516055
2025-05-05,132547.0,123691.0,65106.0,104555.0,164931.0,93781.0,178496.0,176498.0,26721.0,128821.0,0.0,1050.945613286066,34.58387092714927,171929.0,0.0,3696083.0,3696083.0,3516.0,0.4420499756464133,0.2940830030472251,-0.7846240658890359,-0.1497377431878081,1.025772608283384,-0.321299239944679,1.2510642905080005,1.1957358433170957,-1.5590168579651609,0.282504097830442,1,278553.1148022618,280223.03735515947,268639.3773433203,284680.75845567824,397059.8451838302,310254.6289812124,274445.57310854323,331265.91777695145,143719.4483844755,298675.89149860985,98885.37510205864,0.4995708884092867,0.5129240361294498,0.5015082851502327,0.5000378473262317,0.661972102703894,0.5646239134499329,0.47716393960003606,0.5761532542390135,0.2252847849512692,0.5328688192749409
2025-05-12,144249.0,58304.0,73932.0,93698.0,182491.0,86262.0,132360.0,37772.0,40609.0,23754.0,5.0,980.069284675986,33.988085985368826,139571.0,0.0,3962886.0,3962886.0,4043.0,0.6752303039192223,-0.9589887469758877,-0.6255051231706944,-0.3666473785498926,1.3637294550640016,-0.4664060684353756,0.351313786549584,-1.430116391238737,-1.2958895836632047,-1.7737250840871486,1,311380.8688813571,226437.82241309568,235115.62640599217,264506.4550734069,420726.9071102981,272414.7773887274,297027.3438651259,236531.5506661709,126840.66903068528,202959.5348991659,105224.8224703663,0.5550508386800502,0.40744849900450497,0.4352280803380919,0.4633523106429156,0.6873778467160628,0.499953650074099,0.5166774707928514,0.4093440018078436,0.18467444274552128,0.34501157045757785
2025-05-19,54754.0,89449.0,168172.0,144450.0,138865.0,66600.0,196076.0,123754.0,150513.0,47044.0,0.0,965.3794726089598,33.30498126592635,170263.0,0.0,3863291.0,3863291.0,4001.0,-1.1080950659983166,-0.3621282142328371,1.0734943286507992,0.647315761718737,0.5241106966556177,-0.8458568546814288,1.5939118251791673,0.19737972939892,0.7863929591710528,-1.317924712449425,1,241582.52132881424,225311.6934478574,309241.3758435953,303153.8730440441,391301.1442661788,230048.86643323643,374292.4063190755,265672.9303997025,226617.4014184112,168819.72093949956,106342.3654349637,0.4288580674449621,0.4050433280706688,0.571393203519539,0.5314323930057567,0.6554032646048809,0.4162337741897916,0.6292873816835104,0.46647309039579193,0.41962082003402196,0.2670992353482894
2025-05-26,162483.0,102986.0,77091.0,156487.0,159777.0,96898.0,132755.0,23712.0,124211.0,87260.0,10.0,1008.3342118383712,32.544517973849246,182661.0,0.0,3956953.0,3956953.0,3924.0,1.0385707675772635,-0.1027061229904972,-0.5685533058075355,0.8878003597525779,0.9265795793364988,-0.2611452321769572,0.3590171299053924,-1.6962487847183658,0.2880653692596151,-0.5308715675038397,1,307432.51279728854,238173.01606871444,262635.8255061572,338379.32382642647,394557.6865597073,234927.31985994184,357330.4437914453,183115.7582398215,260181.4408510467,188551.83256369972,110584.62640180191,0.5487390467063651,0.4320555864412652,0.4902087931582563,0.5855864967546507,0.659137203680867,0.4264659779856408,0.6074028373717866,0.29346713006306635,0.48797782792081706,0.31253230957349165
2025-06-02,153983.0,171836.0,41949.0,187231.0,193952.0,169369.0,76985.0,152439.0,199967.0,86912.0,15.0,1004.2864091112896,31.71778537635014,75235.0,0.0,4188267.0,4188267.0,4170.0,0.8691952086711898,1.2167303091610209,-1.202108470662278,1.5020280312614591,1.5843059596740618,1.1374499224379204,-0.7286169433944358,0.740339025768988,1.7233670535927788,-0.5376821527047813,1,338442.50767837313,314739.80964122864,199530.4953036943,390258.59429585584,430686.6119358244,310325.3919159651,291383.2662748672,262308.4549438929,356075.86451062805,200043.09953821983,116858.82516624947,0.5957468416254467,0.5705336008429621,0.3569165664409538,0.6527238224889809,0.6973440819917633,0.5647360324124457,0.5070908170470446,0.46013507822781846,0.6409365123360191,0.33849971097096293
2025-06-09,159752.0,128940.0,57744.0,63925.0,43236.0,50448.0,70069.0,135142.0,156728.0,28706.0,0.0,1047.8676327061855,30.83683909634029,50159.0,0.0,3493183.0,3493183.0,3333.0,0.9841513968275593,0.394674460307404,-0.9173493838464832,-0.961475652809388,-1.316349172409512,-1.1575692491197491,-0.8634937095938551,0.4129356111162752,0.9041446879863362,-1.676811239503636,1,362817.5046070239,317783.8857847372,177462.29718221657,298080.1565775135,301647.96716149466,236643.23514957904,244898.9597649203,292527.0729663357,370373.5187063768,148731.85972293193,124795.2725854704,0.6287518524799631,0.5752439141184181,0.30508688045508936,0.523018577343789,0.5305723870304024,0.4300297674582013,0.42086528340903956,0.5145642113097314,0.65884864068324,0.22049867664449924
2025-06-16,104896.0,58494.0,196615.0,157023.0,107955.0,46172.0,72326.0,111736.0,144865.0,28894.0,5.0,1010.8749265108008,29.914525314300462,193217.0,0.0,3827779.0,3827779.0,3786.0,-0.1089386807432159,-0.9553476006852736,1.5862770261057944,0.8985089868644944,-0.0707780353483053,-1.2400904352650102,-0.8194773907228186,-0.0301010035198695,0.6793838257279762,-1.6731319578433572,1,322586.5027642143,249164.3314708423,303092.37830933,335871.09394650813,288943.7802968968,188157.94108974744,219265.37585895215,287252.2437798014,367089.11122382607,118133.11583375916,129015.01377989077,0.5724388718762263,0.4543180620538889,0.5615287386758626,0.5819709125487081,0.5090953052499978,0.32294431822164205,0.36810657473495206,0.5054698684612491,0.6548332126165863,0.15143005418139413
2025-06-23,91295.0,23373.0,128319.0,107388.0,123145.0,193946.0,128737.0,71924.0,94520.0,169109.0,15.0,1046.324433920972,28.964293442042603,212993.0,0.0,4100593.0,4100593.0,3919.0,-0.379959501529276,-1.6284039105413877,0.3550072196371957,-0.0931378539936674,0.2215661846173883,1.6117537559019246,0.2806575511620051,-0.7836758861095557,-0.274471489992932,1.0709663293693257,1,284846.9016585286,172871.59888250538,310174.42698559794,308910.65636790486,296511.26817813807,306840.7646538485,260296.2255153713,244275.34626788084,314773.4667342956,239988.8695002555,128312.5715358316,0.5107407807899151,0.2861072905341088,0.5728681950192188,0.5407888473603955,0.5220086202532837,0.5591765547389781,0.45084103678416504,0.42500779007057515,0.5824526688225934,0.42412368755827795
2025-06-30,120689.0,163233.0,112193.0,28007.0,166430.0,27657.0,174470.0,23726.0,84309.0,103986.0,10.0,962.4729049828918,28.000000000000007,154859.0,0.0,3777854.0,3777854.0,3925.0,0.2057611077042693,1.0518630379075784,0.0642807217586579,-1.679073541999344,1.054622113597971,-1.5974056273790207,1.1725486946839891,-1.6959837880250008,-0.4679329385742448,-0.2035329236218061,1,291597.14099511714,266955.95932950324,298297.65619135875,213353.3938207429,344336.7609068828,211761.45879230907,330647.7353092228,170291.2077607285,273173.08004057733,247979.3217001533,125985.8080367992,0.5224380261977426,0.4886777765959242,0.5536618014856179,0.35969559531065537,0.5955991366442612,0.3766208014560056,0.5698387691944609,0.2642837471955079,0.5123361813215769,0.4401971091662977
2025-07-07,31111.0,117532.0,56187.0,192904.0,114914.0,176497.0,70861.0,109152.0,49984.0,101942.0,15.0,1005.6744422083,27.03570655795741,197309.0,0.0,3680939.0,3680939.0,3660.0,-1.5792181647296466,0.1760523714477886,-0.945419652803254,1.6153676611232173,0.0631537241474985,1.275010964262855,-0.8480480186120825,-0.0790118217809905,-1.118267305683594,-0.2435353263537729,1,206069.28459707028,277705.57559770194,235165.59371481524,320916.03629244573,321516.0565441297,303553.87527538545,269249.64118553366,211326.7246564371,213887.8480243464,250729.593020092,116306.28962013133,0.35331276764686176,0.5084139331290158,0.43533255001903404,0.5596578595962413,0.5621804217947024,0.5538605015790492,0.46763636182181384,0.3561691400469856,0.39175220973034086,0.44564001469978154
2025-07-14,57504.0,112658.0,158311.0,78596.0,122870.0,177757.0,95897.0,47723.0,138947.0,49725.0,0.0,955.4100917070044,26.085474685699555,157507.0,0.0,3759938.0,3759938.0,3935.0,-1.0532970910581163,0.0826473871296114,0.8957159585912517,-0.6683669431845246,0.2162735802401292,1.2993273100399902,-0.3597925647993784,-1.2417605272617962,0.5672591706790868,-1.2654558074961946,1,181145.57075824216,279281.34535862115,299410.35622888914,271145.6217754674,315779.6339264778,359889.32516523125,257446.7847113202,174519.03479386226,267279.7088146078,200162.7558120552,103804.62398068236,0.2968523478672148,0.5112419366118088,0.5555012287720797,0.47570081424220356,0.5532992726210058,0.6357016246217682,0.44539671203972975,0.2739300707419076,0.5014337421671863,0.33876755638772466
2025-07-21,152874.0,143633.0,144454.0,141101.0,136243.0,132855.0,147118.0,146969.0,25901.0,156998.0,10.0,1003.9070342224112,25.163160903659723,189316.0,0.0,4170894.0,4170894.0,4154.0,0.8470966798680326,0.6762500521389546,0.6458959734056571,0.5804068210511841,0.4736481196477145,0.4327776607662498,0.6391262960306467,0.6368010320041537,-1.5745528865457774,0.8339462219882837,1,261561.3424549453,311201.8072151727,324100.2137373335,303788.37306528044,325710.7803558867,348788.59509913874,301586.0708267921,251680.42087631737,186268.8252887647,277095.6534872331,98370.62165689773,0.46814413481624056,0.5649851219864863,0.5942104676108667,0.532473527883899,0.568550723725965,0.6210706211513063,0.524280172323814,0.43966521183723245,0.32816977682591697,0.49541829525113323
2025-07-28,28155.0,120386.0,34489.0,181595.0,34596.0,175650.0,88577.0,120494.0,182624.0,124555.0,5.0,995.4284817759244,24.282214623649875,64743.0,0.0,3558648.0,3558648.0,3574.0,-1.6381210061562763,0.2307462215183831,-1.3366005749766705,1.3894276163309345,-1.4826331790259435,1.2586649762682256,-0.502548193570308,0.1356733565153076,1.394780049112737,0.1990157171775211,1,185091.8054729672,307107.0843291036,228949.1282424001,363868.02383916825,230022.468213532,384923.1570594832,269528.64249607525,271502.2525257904,294385.2951732588,290812.3920923398,90573.07888108391,0.3059271194337735,0.5584635946950056,0.4222101783410883,0.6203412804059909,0.39658254369381746,0.6662450270647022,0.4681520673748051,0.477290575581116,0.5495672694195924,0.5195659669052197
2025-08-04,59384.0,47350.0,81877.0,108861.0,184644.0,179903.0,29078.0,160180.0,51055.0,29496.0,10.0,993.708102991964,23.45548202615077,96101.0,0.0,3756739.0,3756739.0,3780.0,-1.0158352027353612,-1.1689104125937195,-0.4822692292326451,-0.0637091082178223,1.4051657358794156,1.3407422926096184,-1.6629057285759827,0.886863268864707,-1.097975736647203,-1.6613504282716136,1,170439.0832837803,231614.25059746212,219246.47694544005,327181.8143035009,322657.4809281192,410856.8942356899,190795.18549764517,323081.35151547426,227686.17710395527,203983.4352554039,83264.68858197118,0.2720635515648304,0.41840669905041694,0.40123702835181746,0.56916535175999,0.5639241646115597,0.6945870893014293,0.3060794608375793,0.5638906163982562,0.42191430271468827,0.34728942838667387
2025-08-11,132561.0,113008.0,194197.0,106740.0,152351.0,27906.0,176075.0,55643.0,188757.0,76447.0,10.0,994.0588979055346,22.695018734073663,171534.0,0.0,3981504.0,3981504.0,4005.0,0.4423289471551998,0.0893547618754797,1.542684277013006,-0.1060841046812082,0.7836600153164041,-1.5926002542849678,1.2038496214841723,-1.0918481121580508,1.510978175069959,-0.742488974911255,1,234824.44997026815,251976.55035847728,325744.886167264,303049.0885821006,345945.4885568715,274420.136541414,290552.11129858706,249491.8109092845,325368.70626237313,198837.06115324236,82399.9532670602,0.41501840007658375,0.459888389504709,0.5966491425121431,0.5312602186227396,0.5978424643642338,0.5036208144763553,0.5056627894395971,0.4353664309606289,0.598462180334862,0.3357969003510522
2025-08-18,67254.0,114297.0,69922.0,35524.0,131496.0,81413.0,82768.0,182396.0,165788.0,121604.0,20.0,1029.455578807384,22.011914014631188,134227.0,0.0,3842506.0,3842506.0,3732.0,-0.8590133617246786,0.1140570648681203,-0.6977991363477338,-1.5288930382674852,0.3822881451791728,-0.5599854023030957,-0.6158360962383859,1.3073751645648093,1.075798857425832,0.1412627374994223,1,208148.6699821609,265482.9302150863,265368.9317003584,217353.45314926037,339063.29313412285,246065.0819248484,257099.26677915224,332091.08654557075,361009.2237574239,240906.2366919454,81883.56174552256,0.3579141656606149,0.48591299343341876,0.4953840095519398,0.3682955888823684,0.5881431542468566,0.4492639894715562,0.44472947806815155,0.5773678650002312,0.6472448757255734,0.4259884543152288
2025-08-25,41918.0,45351.0,114074.0,170354.0,150273.0,74028.0,71047.0,123896.0,134099.0,180878.0,10.0,935.7056137198967,21.41612907285074,237450.0,0.0,3490196.0,3490196.0,3730.0,-1.3638720864828302,-1.20721910435655,0.0981922027526756,1.1648461287095666,0.7436671720584244,-0.7025062067190809,-0.8444206214875752,0.2000675530030528,0.4754071382902704,1.301293275432201,1,166807.20198929653,204640.7581290518,273295.359020215,300766.0718895562,353710.97588047374,221667.049154909,225306.56006749131,323150.6519273424,350704.5342544543,325421.74201516726,78968.5618483831,0.2636163089974558,0.35963425135551214,0.5100985342567991,0.527492284190146,0.6084689865065901,0.3983166332809805,0.3808387138454378,0.5639961001910815,0.6339109180358481,0.5752224349008078
2025-09-01,105981.0,108668.0,183121.0,175002.0,158155.0,27287.0,91626.0,159999.0,31138.0,108199.0,10.0,964.0084854886333,20.91635179477432,121126.0,0.0,3873954.0,3873954.0,4018.0,-0.0873183888122641,0.006183315026713,1.343001361813782,1.2577075070979766,0.8953628364277199,-1.6045461416151634,-0.4430861837174987,0.8834372401861996,-1.475330713769327,-0.1210817872667297,1,206065.3211935779,231452.45487743107,347098.2154121289,355461.6431337337,370381.5855282842,160287.2294929454,226809.9360404948,353889.39115640544,241560.72055267257,303452.04520910035,78748.95170235707,0.35330397862864965,0.41806664189785636,0.6267990477564283,0.6092710800500936,0.6301798696609685,0.2571370688760744,0.3839799905475234,0.6080511620632728,0.4510040640624622,0.5407579417508164
2025-09-08,50306.0,134585.0,57131.0,151149.0,140674.0,53660.0,77660.0,113680.0,186370.0,61321.0,15.0,998.377126930193,20.51987005851668,106071.0,0.0,3505636.0,3505636.0,3511.0,-1.196728299647048,0.5028548329943368,-0.928400812793497,0.7811536218357679,0.5589264105409331,-1.0955818660751795,-0.7154530022167886,0.0066956801874134,1.46575317479931,-1.038514583386661,1,173945.19271614673,273456.47292645863,265389.9292472773,364425.9858802402,362902.9513169705,149832.33769576723,213745.96162429688,326013.63469384325,331306.43233160354,243392.2271254602,76662.592020491,0.2802032932049051,0.5007052214886344,0.4954235675775474,0.6210627558967944,0.6206226409106378,0.23222264465432027,0.3563280665397716,0.5683291344177893,0.6071220925563264,0.4310166692028259
2025-09-15,167718.0,166377.0,194016.0,145501.0,140307.0,80504.0,152997.0,116546.0,43429.0,173728.0,5.0,952.85347642115,20.232465460591587,124763.0,0.0,3803725.0,3803725.0,3991.0,1.142886185327063,1.112114427053321,1.5394211307823216,0.6683134615221404,0.5518631894265545,-0.5775279088994573,0.7537793481541842,0.0609442889863193,-1.2424608024469377,1.1613631484588338,1,272085.115629688,330450.8837558752,353249.9575483664,364156.5915281441,358048.7707901823,170403.40261746035,281244.5769745781,312154.1808163059,242212.8593989621,319763.33627527615,82092.02408277488,0.4878263865391628,0.5942232692349766,0.6349808934939348,0.6207146188960628,0.6142611024537775,0.28120345984615824,0.4893854897665535,0.5469000600259709,0.4523394950906965,0.5666287145455411
2025-09-22,66843.0,95353.0,135765.0,40611.0,168843.0,122979.0,137832.0,173515.0,70200.0,75147.0,15.0,1001.8445642480416,20.05832900721557,193309.0,0.0,3687690.0,3687690.0,3680.0,-0.8672031681611958,-0.2489843842339618,0.489246925900596,-1.4272609746139049,1.101062311279157,0.2421838267226112,0.4580294696963773,1.1392726192950664,-0.7352473620424401,-0.7679308161791399,1,230094.0693778128,293623.5302535251,347714.9745290198,259104.95491688643,383672.26247410936,225221.0415704762,306578.74618474685,360807.5084897835,215527.71563937727,267005.0017651657,85836.07652816181,0.40517274737048853,0.5362196563762016,0.6276292478168995,0.4531084541105516,0.6464562697003561,0.40596473522044946,0.5324631495362536,0.6172396035277358,0.3953980308833132,0.47688696387434215
2025-09-29,140975.0,85953.0,93963.0,168056.0,181047.0,54701.0,150406.0,99973.0,199316.0,111396.0,15.0,997.965899150357,20.0,196721.0,0.0,3796129.0,3796129.0,3803.0,0.6099908239358711,-0.4291253059801386,-0.2643775974975584,1.118934887845417,1.3359384706248665,-1.0754919327783563,0.7032493161670971,-0.2527550109523642,1.7110329626098746,-0.0585144283948619,1,279031.44162668765,262127.11815211503,302591.98471741186,323518.97295013187,411250.3574844656,189833.6249422857,334353.2477108481,316457.5050938701,328632.6293836264,271599.00105909945,92804.39998791453,0.5004287436330562,0.47956017388262956,0.5607149221419894,0.5636355579685601,0.6775041264817874,0.32683368690344683,0.5752935872002208,0.5536765667272132,0.6032498132647248,0.4854042908165866
2025-10-06,116601.0,77458.0,126884.0,34060.0,196720.0,103300.0,145150.0,83449.0,121268.0,58787.0,0.0,943.8497341978966,20.05832900721557,218785.0,0.0,3948987.0,3948987.0,4183.0,0.1243014271386187,-0.5919228730262845,0.3291364194104996,-1.5581419750060033,1.637578428460437,-0.137595037204562,0.6007460941971509,-0.5655268224642696,0.2323061837562556,-1.0881066032119076,1,284019.8649760126,234734.27089126903,308439.1908304471,228171.38377007912,443470.2144906793,217200.17496537144,345761.9486265088,273323.50305632205,318447.57763017586,221746.4006354597,99806.19355859104,0.509287532018255,0.4249328135035845,0.5701205063236209,0.3911713027229402,0.7095464381258102,0.3886006217031986,0.5916008815599695,0.4806274685964409,0.5880861698677602,0.3860411147268777
2025-10-13,127512.0,40358.0,145917.0,63303.0,199357.0,168746.0,177087.0,129834.0,37347.0,41727.0,15.0,941.8733941498288,20.232465460591584,226481.0,0.0,4637733.0,4637733.0,4658.0,0.341719865164992,-1.3029045960883223,0.6722715697343375,-0.9739024551668732,1.6883296929798273,1.125426840359226,1.2235857821831042,0.3124640076603812,-1.3576926632119504,-1.4219818432350746,-1,297923.9189856076,181198.5625347614,330980.51449826825,200205.83026204747,465439.1286944076,299066.1049792229,384544.1691759053,293828.1018337932,228415.5465781055,174774.8403812758,106690.14681030504,0.533136940001759,0.30570483970733603,0.6042995224769033,0.3309495665547966,0.729064931627215,0.5464883988371909,0.6418042094384568,0.5167808721965369,0.4234752139168683,0.2808890661704987
2025-10-20,167443.0,23267.0,44285.0,180359.0,39063.0,103560.0,53320.0,45537.0,167992.0,115081.0,20.0,902.945870008686,20.51987005851668,229838.0,0.0,4157454.0,4157454.0,4644.0,1.1374063878330432,-1.6304352868929934,-1.159994053011015,1.364733841871366,-1.3966620381051564,-0.1325773785521374,-1.1901349700152075,-1.2831378680972492,1.1175566708303188,0.0136034062760273,1,346197.35139136453,131986.13752085686,242873.30869896096,300482.49815722846,318326.47721664456,282999.6629875337,284046.5015055431,221833.8611002759,305041.3279468633,219945.90422876543,115846.34048816512,0.6066098630626469,0.18937594279916783,0.4512487001310434,0.5270220443951603,0.5572666024851081,0.5190044329592466,0.4943407819582136,0.3787202512035032,0.5671022596528398,0.3821837400162699
2025-10-27,131472.0,102745.0,57626.0,59711.0,87642.0,174946.0,84881.0,97576.0,51822.0,142721.0,20.0,951.1731980127234,20.916351794774314,96154.0,0.0,4233951.0,4233951.0,4451.0,0.4206289490788805,-0.1073246296012236,-0.9194767388477028,-1.0456662398422538,-0.4617186634038113,1.2450787005324295,-0.5746280848185806,-0.2981262305235356,-1.0834438660114312,0.5545360929255195,1,339190.4108348188,181936.6825125141,203349.98521937657,240000.49889433707,278637.88632998674,344745.79779252026,255308.90090332588,230676.31666016555,234846.796768118,274688.5425372593,123433.54361739638,0.5968096181794301,0.30743326180695235,0.3656673472739002,0.4154928955733972,0.49093775266925394,0.6155677901737023,0.4412808557975356,0.3972803150304424,0.4370877725504735,0.49105667954155163
2025-11-03,153121.0,109588.0,193880.0,163026.0,110093.0,63642.0,110827.0,127522.0,197731.0,88056.0,0.0,1000.572930328424,21.41612907285073,57016.0,0.0,4226217.0,4226217.0,4223.0,0.8520185343444797,0.0238141286444239,1.5369692640012549,1.018441614761574,-0.0296304420443782,-0.9029423711963218,-0.0686256880849005,0.2687016965846414,1.6810029561461215,-0.5152933323890424,1,356635.2465008912,218750.00950750848,315889.99113162595,307026.2993366022,277275.731797992,270489.47867551213,264012.3405419955,265927.7899960993,338639.0780608708,252869.1255223556,130546.69281686204,0.620693571109036,0.3908823306113934,0.581779196005125,0.5377483835441336,0.4884884909276637,0.4964074019158017,0.4578696160744852,0.4669503846095593,0.6175148563357773,0.44984209023054467
2025-11-10,182688.0,58513.0,39198.0,93340.0,188671.0,85160.0,122215.0,42612.0,60108.0,154153.0,5.0,1006.247512917635,22.011914014631177,229760.0,0.0,3984070.0,3984070.0,3959.0,1.441186434365172,-0.954983486056212,-1.2517046876822369,-0.3737997824791204,1.482668709796588,-0.4876732216468062,0.1534646261833162,-1.338503248675337,-0.9264541918419318,0.778267730905874,1,396669.14790053474,189763.00570450508,228731.9946789756,277555.7796019613,355036.4390787952,247453.68720530727,280622.4043251973,202168.6739976596,263291.44683652243,305874.4753134133,139050.81412485757,0.6693554141763455,0.3256530646596943,0.42174730908819746,0.4873672932957471,0.6102496712036127,0.4520502699671679,0.48827871133805834,0.3361192858430832,0.4939169826874735,0.54470449049689
2025-11-17,123727.0,177164.0,170830.0,122974.0,179601.0,37602.0,177361.0,26471.0,148955.0,185268.0,5.0,1008.075982385138,22.69501873407365,139678.0,0.0,3916498.0,3916498.0,3885.0,0.2662979251109343,1.3188357167209814,1.1214139014748816,0.2182514410927697,1.3081089945175333,-1.4054801839237772,1.228929367194475,-1.6440255077901798,0.7568745048678811,1.3872084163291356,1,361728.4887403208,291021.80342270306,308069.1968073853,289507.46776117675,392622.8634472771,186074.2123231844,345734.4425951184,147772.20439859573,306929.8681019135,368792.685188048,143632.00549167494,0.6273473997191342,0.5317901457122077,0.569532066501634,0.5084433873023684,0.6569248236752047,0.3180937850563269,0.5915624385003517,0.21290594578040548,0.5701301365639835,0.6349278698541424
2025-11-24,132893.0,31338.0,35254.0,169646.0,55954.0,123320.0,154461.0,186703.0,27967.0,187807.0,15.0,968.8832474933048,23.45548202615075,162056.0,0.0,4153344.0,4153344.0,4286.0,0.4489445572207077,-1.4757632252532709,-1.3228088243331704,1.1507011511065126,-1.071580654336853,0.2487646790321374,0.7823304739083702,1.388899504445091,-1.5354096730731506,1.4368982893900275,1,349930.09324419254,205951.08205362185,220095.5180844312,343350.48065670603,291527.7180683663,234964.52739391063,361901.665557071,275366.3226391574,212124.92086114807,409082.6111128287,145134.74552029322,0.6117164147118233,0.3625792962882217,0.40309556878161784,0.5926468150289017,0.513544469990831,0.4265434503225374,0.6134485218233824,0.48434598714991406,0.3878150880210149,0.6815233544066014
2025-12-01,40932.0,151484.0,64238.0,160256.0,47856.0,108801.0,176755.0,51348.0,130719.0,100102.0,15.0,999.2678606391404,24.282214623649857,104238.0,0.0,3967353.0,3967353.0,3970.0,-1.383519651315935,0.8267060496527029,-0.8002727450505497,0.963100388828722,-1.2274334188715592,-0.0314329593315309,1.2171110733372097,-1.173145312015448,0.4113683863360213,-0.2795453170713947,1,250890.05594651552,275054.6492321731,196295.31085065872,366266.2883940236,222772.63084101977,249779.7164363464,393895.99933424254,216567.79358349444,257993.95251668885,345551.5666676972,137171.15935846276,0.447468493887426,0.5036188295434757,0.34944806846520626,0.6234307759169221,0.38136094056152003,0.4566892514143903,0.6527751227150012,0.3674821155705341,0.48375967894191274,0.6042561179057213
2025-12-08,137796.0,27543.0,21252.0,170168.0,22573.0,45931.0,164701.0,21177.0,31871.0,176570.0,15.0,1015.889784369658,25.163160903659705,108608.0,0.0,4312699.0,4312699.0,4245.0,0.5466443649049995,-1.5484903314263283,-1.5752429321897552,1.1611300752714762,-1.7140258423997117,-1.2447414188620654,0.9820323371070476,-1.7442321145527089,-1.461443019928361,1.216982927599856,-1,288330.03356790927,192575.78953930383,139029.18651039523,389927.7730364142,156236.57850461185,195798.8298618078,401038.5996005455,151117.67615009664,186667.3715100133,383900.9400006184,129852.2611525368,0.5168130547351784,0.3321483286989034,0.2122628973007949,0.6523392555588252,0.2326627784518219,0.34059102249097184,0.6608762673230489,0.22050542725168595,0.3291129270828883,0.6533316294553232
2025-12-15,49855.0,125891.0,59764.0,87728.0,55367.0,114377.0,81550.0,155832.0,184685.0,96865.0,5.0,949.278578019954,26.085474685699538,139081.0,0.0,3879364.0,3879364.0,4086.0,-1.2057151675372408,0.3362436443069686,-0.8809319507747577,-0.48592070664344,-1.0828779589530386,0.0761765200758535,-0.6395896967633848,0.8045628672395699,1.4338285307037746,-0.3428955018284282,1,222853.0201407456,241436.4737235823,143181.51190623714,321684.66382184846,149108.94710276712,231856.29791708468,322173.1597603273,246502.605690058,296685.422906008,327205.564000371,118249.5297828722,0.3898580204579184,0.4387464072035826,0.22227108003414212,0.5608366131728968,0.2164077246996208,0.4200418748524841,0.557066398389074,0.42944987917351274,0.5534174560038273,0.5778916488295229
2025-12-22,194088.0,184568.0,97709.0,185088.0,119608.0,49192.0,44826.0,52779.0,48179.0,182728.0,10.0,1004.9331629756216,27.0357065579574,212969.0,0.0,4290300.0,4290300.0,4269.0,1.66834894866273,1.4607254384878636,-0.1968430904249426,1.4592135015957186,0.1534936694087867,-1.181808400148385,-1.3557861053677045,-1.1460588642864755,-1.1524655149372682,1.3374989726211142,1,327799.81208444736,329429.88423414936,183617.90714374228,378098.79829310905,209073.36826166027,188305.7787502508,238129.8958561964,200680.5634140348,226190.2537436048,379051.3384002226,115711.02271399154,0.5802676513924421,0.5927300996218248,0.31973441754127435,0.6382382132746764,0.35189758031014007,0.3232878719881513,0.4072655279971656,0.3328301647677426,0.41870214684126594,0.6475507304187207
